Time;Command;AffectedRows;ElapsedTime;
2018.04.08_23:58:54;INSERT;10000;1619
2018.04.09_00:06:00;Egyéni: UPDATE szakd SET email="updatelt@gmail.com" WHERE 1;;0;4379
2018.04.09_00:06:05;Egyéni: UPDATE szakd SET email="updatelt@gmail.com" WHERE 1;;0;4414
2018.04.09_00:06:10;Egyéni: UPDATE szakd SET email="updatelt@gmail.com" WHERE 1;;0;5225
2018.04.09_00:06:15;Egyéni: UPDATE szakd SET email="updatelt@gmail.com" WHERE 1;;0;4431
2018.04.09_00:06:19;Egyéni: UPDATE szakd SET email="updatelt@gmail.com" WHERE 1;;0;4579
2018.04.09_00:06:24;Egyéni: UPDATE szakd SET email="updatelt@gmail.com" WHERE 1;;0;5019
2018.04.09_00:06:28;Egyéni: UPDATE szakd SET email="updatelt@gmail.com" WHERE 1;;0;4034
2018.04.09_00:06:33;Egyéni: UPDATE szakd SET email="updatelt@gmail.com" WHERE 1;;0;4639
2018.04.09_00:06:37;Egyéni: UPDATE szakd SET email="updatelt@gmail.com" WHERE 1;;0;4153
2018.04.09_00:06:42;Egyéni: UPDATE szakd SET email="updatelt@gmail.com" WHERE 1;;0;5205
2018.04.09_00:06:46;Egyéni: UPDATE szakd SET email="updatelt@gmail.com" WHERE 1;;0;4039
2018.04.09_00:06:50;Egyéni: UPDATE szakd SET email="updatelt@gmail.com" WHERE 1;;0;4229
2018.04.09_00:06:55;Egyéni: UPDATE szakd SET email="updatelt@gmail.com" WHERE 1;;0;4964
2018.04.09_00:07:00;Egyéni: UPDATE szakd SET email="updatelt@gmail.com" WHERE 1;;0;4534
2018.04.09_00:07:05;Egyéni: UPDATE szakd SET email="updatelt@gmail.com" WHERE 1;;0;4831
2018.04.09_00:07:08;Egyéni: UPDATE szakd SET email="updatelt@gmail.com" WHERE 1;;0;3684
2018.04.09_00:07:13;Egyéni: UPDATE szakd SET email="updatelt@gmail.com" WHERE 1;;0;4850
2018.04.09_00:07:17;Egyéni: UPDATE szakd SET email="updatelt@gmail.com" WHERE 1;;0;4118
2018.04.09_00:07:21;Egyéni: UPDATE szakd SET email="updatelt@gmail.com" WHERE 1;;0;3619
2018.04.09_00:07:25;Egyéni: UPDATE szakd SET email="updatelt@gmail.com" WHERE 1;;0;4236
2018.04.09_00:07:29;Egyéni: UPDATE szakd SET email="updatelt@gmail.com" WHERE 1;;0;3889
2018.04.09_00:07:37;Egyéni: UPDATE szakd SET email="updatelt@gmail.com" WHERE 1;;0;8093
2018.04.09_00:07:43;Egyéni: UPDATE szakd SET email="updatelt@gmail.com" WHERE 1;;0;5876
2018.04.09_00:07:51;Egyéni: UPDATE szakd SET email="updatelt@gmail.com" WHERE 1;;0;8188
2018.04.09_00:07:56;Egyéni: UPDATE szakd SET email="updatelt@gmail.com" WHERE 1;;0;4591
2018.04.09_00:08:04;Egyéni: UPDATE szakd SET email="updatelt@gmail.com" WHERE 1;;0;7653
2018.04.09_00:08:09;Egyéni: UPDATE szakd SET email="updatelt@gmail.com" WHERE 1;;0;5199
2018.04.09_00:08:14;Egyéni: UPDATE szakd SET email="updatelt@gmail.com" WHERE 1;;0;4978
2018.04.09_00:08:19;Egyéni: UPDATE szakd SET email="updatelt@gmail.com" WHERE 1;;0;4983
2018.04.09_00:08:23;Egyéni: UPDATE szakd SET email="updatelt@gmail.com" WHERE 1;;0;4228
2018.04.09_00:08:28;Egyéni: UPDATE szakd SET email="updatelt@gmail.com" WHERE 1;;0;4542
2018.04.09_00:08:32;Egyéni: UPDATE szakd SET email="updatelt@gmail.com" WHERE 1;;0;4377
2018.04.09_00:08:37;Egyéni: UPDATE szakd SET email="updatelt@gmail.com" WHERE 1;;0;4973
2018.04.09_00:08:44;Egyéni: UPDATE szakd SET email="updatelt@gmail.com" WHERE 1;;0;7241
2018.04.09_00:08:52;Egyéni: UPDATE szakd SET email="updatelt@gmail.com" WHERE 1;;0;7966
2018.04.09_00:08:58;Egyéni: UPDATE szakd SET email="updatelt@gmail.com" WHERE 1;;0;5873
2018.04.09_00:09:06;Egyéni: UPDATE szakd SET email="updatelt@gmail.com" WHERE 1;;0;7746
2018.04.09_00:09:12;Egyéni: UPDATE szakd SET email="updatelt@gmail.com" WHERE 1;;0;6533
2018.04.09_00:09:16;Egyéni: UPDATE szakd SET email="updatelt@gmail.com" WHERE 1;;0;3519
2018.04.09_00:09:24;Egyéni: UPDATE szakd SET email="updatelt@gmail.com" WHERE 1;;0;8507
2018.04.09_00:09:30;Egyéni: UPDATE szakd SET email="updatelt@gmail.com" WHERE 1;;0;6011
2018.04.09_00:09:38;Egyéni: UPDATE szakd SET email="updatelt@gmail.com" WHERE 1;;0;7686
2018.04.09_00:09:45;Egyéni: UPDATE szakd SET email="updatelt@gmail.com" WHERE 1;;0;6576
2018.04.09_00:09:50;Egyéni: UPDATE szakd SET email="updatelt@gmail.com" WHERE 1;;0;5733
2018.04.09_00:09:57;Egyéni: UPDATE szakd SET email="updatelt@gmail.com" WHERE 1;;0;6626
2018.04.09_00:10:03;Egyéni: UPDATE szakd SET email="updatelt@gmail.com" WHERE 1;;0;6516
2018.04.09_00:10:08;Egyéni: UPDATE szakd SET email="updatelt@gmail.com" WHERE 1;;0;4153
2018.04.09_00:10:13;Egyéni: UPDATE szakd SET email="updatelt@gmail.com" WHERE 1;;0;4975
2018.04.09_00:10:18;Egyéni: UPDATE szakd SET email="updatelt@gmail.com" WHERE 1;;0;5154
2018.04.09_00:10:23;Egyéni: UPDATE szakd SET email="updatelt@gmail.com" WHERE 1;;0;5141
2018.04.09_00:10:29;Egyéni: UPDATE szakd SET email="updatelt@gmail.com" WHERE 1;;0;5680
2018.04.09_00:10:35;Egyéni: UPDATE szakd SET email="updatelt@gmail.com" WHERE 1;;0;5968
2018.04.09_00:10:38;Egyéni: UPDATE szakd SET email="updatelt@gmail.com" WHERE 1;;0;3806
2018.04.09_00:10:44;Egyéni: UPDATE szakd SET email="updatelt@gmail.com" WHERE 1;;0;5387
2018.04.09_00:10:50;Egyéni: UPDATE szakd SET email="updatelt@gmail.com" WHERE 1;;0;5820
2018.04.09_00:10:56;Egyéni: UPDATE szakd SET email="updatelt@gmail.com" WHERE 1;;0;6798
2018.04.09_00:11:01;Egyéni: UPDATE szakd SET email="updatelt@gmail.com" WHERE 1;;0;4835
2018.04.09_00:11:07;Egyéni: UPDATE szakd SET email="updatelt@gmail.com" WHERE 1;;0;5823
2018.04.09_00:11:11;Egyéni: UPDATE szakd SET email="updatelt@gmail.com" WHERE 1;;0;4474
2018.04.09_00:11:17;Egyéni: UPDATE szakd SET email="updatelt@gmail.com" WHERE 1;;0;5252
2018.04.09_00:11:23;Egyéni: UPDATE szakd SET email="updatelt@gmail.com" WHERE 1;;0;5867
2018.04.09_00:11:27;Egyéni: UPDATE szakd SET email="updatelt@gmail.com" WHERE 1;;0;4853
2018.04.09_00:11:32;Egyéni: UPDATE szakd SET email="updatelt@gmail.com" WHERE 1;;0;4610
2018.04.09_00:11:37;Egyéni: UPDATE szakd SET email="updatelt@gmail.com" WHERE 1;;0;4686
2018.04.09_00:11:42;Egyéni: UPDATE szakd SET email="updatelt@gmail.com" WHERE 1;;0;5287
2018.04.09_00:11:47;Egyéni: UPDATE szakd SET email="updatelt@gmail.com" WHERE 1;;0;4922
2018.04.09_00:11:51;Egyéni: UPDATE szakd SET email="updatelt@gmail.com" WHERE 1;;0;4333
2018.04.09_00:11:57;Egyéni: UPDATE szakd SET email="updatelt@gmail.com" WHERE 1;;0;5644
2018.04.09_00:12:02;Egyéni: UPDATE szakd SET email="updatelt@gmail.com" WHERE 1;;0;5536
2018.04.09_00:12:06;Egyéni: UPDATE szakd SET email="updatelt@gmail.com" WHERE 1;;0;3712
2018.04.09_00:12:10;Egyéni: UPDATE szakd SET email="updatelt@gmail.com" WHERE 1;;0;4181
2018.04.09_00:12:15;Egyéni: UPDATE szakd SET email="updatelt@gmail.com" WHERE 1;;0;4975
2018.04.09_00:12:21;Egyéni: UPDATE szakd SET email="updatelt@gmail.com" WHERE 1;;0;5316
2018.04.09_00:12:25;Egyéni: UPDATE szakd SET email="updatelt@gmail.com" WHERE 1;;0;4596
2018.04.09_00:12:31;Egyéni: UPDATE szakd SET email="updatelt@gmail.com" WHERE 1;;0;5391
2018.04.09_00:12:36;Egyéni: UPDATE szakd SET email="updatelt@gmail.com" WHERE 1;;0;5423
2018.04.09_00:12:41;Egyéni: UPDATE szakd SET email="updatelt@gmail.com" WHERE 1;;0;4923
2018.04.09_00:12:46;Egyéni: UPDATE szakd SET email="updatelt@gmail.com" WHERE 1;;0;5292
2018.04.09_00:12:53;Egyéni: UPDATE szakd SET email="updatelt@gmail.com" WHERE 1;;0;7072
2018.04.09_00:13:01;Egyéni: UPDATE szakd SET email="updatelt@gmail.com" WHERE 1;;0;7098
2018.04.09_00:13:06;Egyéni: UPDATE szakd SET email="updatelt@gmail.com" WHERE 1;;0;4912
2018.04.09_00:13:11;Egyéni: UPDATE szakd SET email="updatelt@gmail.com" WHERE 1;;0;5193
2018.04.09_00:13:15;Egyéni: UPDATE szakd SET email="updatelt@gmail.com" WHERE 1;;0;4489
2018.04.09_00:13:20;Egyéni: UPDATE szakd SET email="updatelt@gmail.com" WHERE 1;;0;4730
2018.04.09_00:13:24;Egyéni: UPDATE szakd SET email="updatelt@gmail.com" WHERE 1;;0;4426
2018.04.09_00:13:30;Egyéni: UPDATE szakd SET email="updatelt@gmail.com" WHERE 1;;0;5121
2018.04.09_00:13:34;Egyéni: UPDATE szakd SET email="updatelt@gmail.com" WHERE 1;;0;4095
2018.04.09_00:13:39;Egyéni: UPDATE szakd SET email="updatelt@gmail.com" WHERE 1;;0;5002
2018.04.09_00:13:44;Egyéni: UPDATE szakd SET email="updatelt@gmail.com" WHERE 1;;0;5795
2018.04.09_00:13:49;Egyéni: UPDATE szakd SET email="updatelt@gmail.com" WHERE 1;;0;4222
2018.04.09_00:13:56;Egyéni: UPDATE szakd SET email="updatelt@gmail.com" WHERE 1;;0;6988
2018.04.09_00:14:01;Egyéni: UPDATE szakd SET email="updatelt@gmail.com" WHERE 1;;0;5734
2018.04.09_00:14:08;Egyéni: UPDATE szakd SET email="updatelt@gmail.com" WHERE 1;;0;6847
2018.04.09_00:14:13;Egyéni: UPDATE szakd SET email="updatelt@gmail.com" WHERE 1;;0;4492
2018.04.09_00:14:18;Egyéni: UPDATE szakd SET email="updatelt@gmail.com" WHERE 1;;0;4854
2018.04.09_00:14:23;Egyéni: UPDATE szakd SET email="updatelt@gmail.com" WHERE 1;;0;5121
2018.04.09_00:14:28;Egyéni: UPDATE szakd SET email="updatelt@gmail.com" WHERE 1;;0;5198
2018.04.09_00:14:33;Egyéni: UPDATE szakd SET email="updatelt@gmail.com" WHERE 1;;0;5225
2018.04.09_00:14:41;Egyéni: UPDATE szakd SET email="updatelt@gmail.com" WHERE 1;;0;5103
2018.04.09_00:14:46;Egyéni: UPDATE szakd SET email="updatelt@gmail.com" WHERE 1;;0;4834
2018.04.09_00:16:49;INSERT;10000;3059
2018.04.09_00:17:44;Egyéni: UPDATE szakd SET email="updatelt@gmail.com" WHERE 1;;0;8779
2018.04.09_00:17:54;Egyéni: UPDATE szakd SET email="updatelt@gmail.com" WHERE 1;;0;9506
2018.04.09_00:18:03;Egyéni: UPDATE szakd SET email="updatelt@gmail.com" WHERE 1;;0;8965
2018.04.09_00:18:12;Egyéni: UPDATE szakd SET email="updatelt@gmail.com" WHERE 1;;0;9438
2018.04.09_00:18:22;Egyéni: UPDATE szakd SET email="updatelt@gmail.com" WHERE 1;;0;9528
2018.04.09_00:18:32;Egyéni: UPDATE szakd SET email="updatelt@gmail.com" WHERE 1;;0;10669
2018.04.09_00:18:42;Egyéni: UPDATE szakd SET email="updatelt@gmail.com" WHERE 1;;0;9763
2018.04.09_00:18:52;Egyéni: UPDATE szakd SET email="updatelt@gmail.com" WHERE 1;;0;9918
2018.04.09_00:19:01;Egyéni: UPDATE szakd SET email="updatelt@gmail.com" WHERE 1;;0;9233
2018.04.09_00:19:11;Egyéni: UPDATE szakd SET email="updatelt@gmail.com" WHERE 1;;0;9430
2018.04.09_00:19:19;Egyéni: UPDATE szakd SET email="updatelt@gmail.com" WHERE 1;;0;8457
2018.04.09_00:19:30;Egyéni: UPDATE szakd SET email="updatelt@gmail.com" WHERE 1;;0;10327
2018.04.09_00:19:39;Egyéni: UPDATE szakd SET email="updatelt@gmail.com" WHERE 1;;0;8977
2018.04.09_00:19:47;Egyéni: UPDATE szakd SET email="updatelt@gmail.com" WHERE 1;;0;8426
2018.04.09_00:19:56;Egyéni: UPDATE szakd SET email="updatelt@gmail.com" WHERE 1;;0;9488
2018.04.09_00:20:07;Egyéni: UPDATE szakd SET email="updatelt@gmail.com" WHERE 1;;0;10670
2018.04.09_00:20:16;Egyéni: UPDATE szakd SET email="updatelt@gmail.com" WHERE 1;;0;8824
2018.04.09_00:20:25;Egyéni: UPDATE szakd SET email="updatelt@gmail.com" WHERE 1;;0;8791
2018.04.09_00:20:37;Egyéni: UPDATE szakd SET email="updatelt@gmail.com" WHERE 1;;0;12553
2018.04.09_00:20:46;Egyéni: UPDATE szakd SET email="updatelt@gmail.com" WHERE 1;;0;8966
2018.04.09_00:20:57;Egyéni: UPDATE szakd SET email="updatelt@gmail.com" WHERE 1;;0;10659
2018.04.09_00:21:05;Egyéni: UPDATE szakd SET email="updatelt@gmail.com" WHERE 1;;0;8144
2018.04.09_00:21:15;Egyéni: UPDATE szakd SET email="updatelt@gmail.com" WHERE 1;;0;9902
2018.04.09_00:21:25;Egyéni: UPDATE szakd SET email="updatelt@gmail.com" WHERE 1;;0;9553
2018.04.09_00:21:35;Egyéni: UPDATE szakd SET email="updatelt@gmail.com" WHERE 1;;0;10861
2018.04.09_00:21:45;Egyéni: UPDATE szakd SET email="updatelt@gmail.com" WHERE 1;;0;9179
2018.04.09_00:21:54;Egyéni: UPDATE szakd SET email="updatelt@gmail.com" WHERE 1;;0;8934
2018.04.09_00:22:02;Egyéni: UPDATE szakd SET email="updatelt@gmail.com" WHERE 1;;0;8654
2018.04.09_00:22:13;Egyéni: UPDATE szakd SET email="updatelt@gmail.com" WHERE 1;;0;8506
2018.04.09_00:22:22;Egyéni: UPDATE szakd SET email="updatelt@gmail.com" WHERE 1;;0;9064
2018.04.09_00:22:32;Egyéni: UPDATE szakd SET email="updatelt@gmail.com" WHERE 1;;0;10299
2018.04.09_00:22:43;Egyéni: UPDATE szakd SET email="updatelt@gmail.com" WHERE 1;;0;10466
2018.04.09_00:22:51;Egyéni: UPDATE szakd SET email="updatelt@gmail.com" WHERE 1;;0;7832
2018.04.09_00:23:01;Egyéni: UPDATE szakd SET email="updatelt@gmail.com" WHERE 1;;0;10449
2018.04.09_00:23:10;Egyéni: UPDATE szakd SET email="updatelt@gmail.com" WHERE 1;;0;8927
2018.04.09_00:23:18;Egyéni: UPDATE szakd SET email="updatelt@gmail.com" WHERE 1;;0;8226
2018.04.09_00:23:27;Egyéni: UPDATE szakd SET email="updatelt@gmail.com" WHERE 1;;0;9247
2018.04.09_00:23:38;Egyéni: UPDATE szakd SET email="updatelt@gmail.com" WHERE 1;;0;10240
2018.04.09_00:23:46;Egyéni: UPDATE szakd SET email="updatelt@gmail.com" WHERE 1;;0;8619
2018.04.09_00:23:55;Egyéni: UPDATE szakd SET email="updatelt@gmail.com" WHERE 1;;0;8899
2018.04.09_00:24:04;Egyéni: UPDATE szakd SET email="updatelt@gmail.com" WHERE 1;;0;8940
2018.04.09_00:24:13;Egyéni: UPDATE szakd SET email="updatelt@gmail.com" WHERE 1;;0;8604
2018.04.09_00:24:21;Egyéni: UPDATE szakd SET email="updatelt@gmail.com" WHERE 1;;0;7804
2018.04.09_00:24:30;Egyéni: UPDATE szakd SET email="updatelt@gmail.com" WHERE 1;;0;9608
2018.04.09_00:24:41;Egyéni: UPDATE szakd SET email="updatelt@gmail.com" WHERE 1;;0;9373
2018.04.09_00:24:51;Egyéni: UPDATE szakd SET email="updatelt@gmail.com" WHERE 1;;0;9514
2018.04.09_00:25:00;Egyéni: UPDATE szakd SET email="updatelt@gmail.com" WHERE 1;;0;8643
2018.04.09_00:25:10;Egyéni: UPDATE szakd SET email="updatelt@gmail.com" WHERE 1;;0;9968
2018.04.09_00:25:20;Egyéni: UPDATE szakd SET email="updatelt@gmail.com" WHERE 1;;0;10922
2018.04.09_00:25:30;Egyéni: UPDATE szakd SET email="updatelt@gmail.com" WHERE 1;;0;9134
2018.04.09_00:25:38;Egyéni: UPDATE szakd SET email="updatelt@gmail.com" WHERE 1;;0;8742
2018.04.09_00:25:48;Egyéni: UPDATE szakd SET email="updatelt@gmail.com" WHERE 1;;0;9983
2018.04.09_00:25:57;Egyéni: UPDATE szakd SET email="updatelt@gmail.com" WHERE 1;;0;9045
2018.04.09_00:26:06;Egyéni: UPDATE szakd SET email="updatelt@gmail.com" WHERE 1;;0;8535
2018.04.09_00:26:14;Egyéni: UPDATE szakd SET email="updatelt@gmail.com" WHERE 1;;0;8455
2018.04.09_00:26:23;Egyéni: UPDATE szakd SET email="updatelt@gmail.com" WHERE 1;;0;8276
2018.04.09_00:26:32;Egyéni: UPDATE szakd SET email="updatelt@gmail.com" WHERE 1;;0;9632
2018.04.09_00:26:39;Egyéni: UPDATE szakd SET email="updatelt@gmail.com" WHERE 1;;0;6929
2018.04.09_00:26:48;Egyéni: UPDATE szakd SET email="updatelt@gmail.com" WHERE 1;;0;9116
2018.04.09_00:26:58;Egyéni: UPDATE szakd SET email="updatelt@gmail.com" WHERE 1;;0;9727
2018.04.09_00:27:07;Egyéni: UPDATE szakd SET email="updatelt@gmail.com" WHERE 1;;0;9120
2018.04.09_00:27:15;Egyéni: UPDATE szakd SET email="updatelt@gmail.com" WHERE 1;;0;7799
2018.04.09_00:27:26;Egyéni: UPDATE szakd SET email="updatelt@gmail.com" WHERE 1;;0;9517
2018.04.09_00:27:37;Egyéni: UPDATE szakd SET email="updatelt@gmail.com" WHERE 1;;0;10066
2018.04.09_00:27:46;Egyéni: UPDATE szakd SET email="updatelt@gmail.com" WHERE 1;;0;8948
2018.04.09_00:27:55;Egyéni: UPDATE szakd SET email="updatelt@gmail.com" WHERE 1;;0;8650
2018.04.09_00:28:05;Egyéni: UPDATE szakd SET email="updatelt@gmail.com" WHERE 1;;0;10185
2018.04.09_00:28:13;Egyéni: UPDATE szakd SET email="updatelt@gmail.com" WHERE 1;;0;8125
2018.04.09_00:28:27;Egyéni: UPDATE szakd SET email="updatelt@gmail.com" WHERE 1;;0;13305
2018.04.09_00:28:45;Egyéni: UPDATE szakd SET email="updatelt@gmail.com" WHERE 1;;0;18047
2018.04.09_00:28:59;Egyéni: UPDATE szakd SET email="updatelt@gmail.com" WHERE 1;;0;14369
2018.04.09_00:29:09;Egyéni: UPDATE szakd SET email="updatelt@gmail.com" WHERE 1;;0;10533
2018.04.09_00:29:17;Egyéni: UPDATE szakd SET email="updatelt@gmail.com" WHERE 1;;0;7443
2018.04.09_00:29:24;Egyéni: UPDATE szakd SET email="updatelt@gmail.com" WHERE 1;;0;6764
2018.04.09_00:29:33;Egyéni: UPDATE szakd SET email="updatelt@gmail.com" WHERE 1;;0;9821
2018.04.09_00:29:47;Egyéni: UPDATE szakd SET email="updatelt@gmail.com" WHERE 1;;0;11677
2018.04.09_00:29:55;Egyéni: UPDATE szakd SET email="updatelt@gmail.com" WHERE 1;;0;7815
2018.04.09_00:30:03;Egyéni: UPDATE szakd SET email="updatelt@gmail.com" WHERE 1;;0;8447
2018.04.09_00:30:13;Egyéni: UPDATE szakd SET email="updatelt@gmail.com" WHERE 1;;0;9358
2018.04.09_00:30:24;Egyéni: UPDATE szakd SET email="updatelt@gmail.com" WHERE 1;;0;11251
2018.04.09_00:30:39;Egyéni: UPDATE szakd SET email="updatelt@gmail.com" WHERE 1;;0;14697
2018.04.09_00:30:48;Egyéni: UPDATE szakd SET email="updatelt@gmail.com" WHERE 1;;0;9401
2018.04.09_00:30:58;Egyéni: UPDATE szakd SET email="updatelt@gmail.com" WHERE 1;;0;9857
2018.04.09_00:31:07;Egyéni: UPDATE szakd SET email="updatelt@gmail.com" WHERE 1;;0;9299
2018.04.09_00:31:16;Egyéni: UPDATE szakd SET email="updatelt@gmail.com" WHERE 1;;0;8721
2018.04.09_00:31:27;Egyéni: UPDATE szakd SET email="updatelt@gmail.com" WHERE 1;;0;11212
2018.04.09_00:31:40;Egyéni: UPDATE szakd SET email="updatelt@gmail.com" WHERE 1;;0;13158
2018.04.09_00:31:52;Egyéni: UPDATE szakd SET email="updatelt@gmail.com" WHERE 1;;0;11699
2018.04.09_00:32:02;Egyéni: UPDATE szakd SET email="updatelt@gmail.com" WHERE 1;;0;10094
2018.04.09_00:32:14;Egyéni: UPDATE szakd SET email="updatelt@gmail.com" WHERE 1;;0;9123
2018.04.09_00:32:24;Egyéni: UPDATE szakd SET email="updatelt@gmail.com" WHERE 1;;0;10227
2018.04.09_00:32:33;Egyéni: UPDATE szakd SET email="updatelt@gmail.com" WHERE 1;;0;9680
2018.04.09_00:32:43;Egyéni: UPDATE szakd SET email="updatelt@gmail.com" WHERE 1;;0;9214
2018.04.09_00:32:53;Egyéni: UPDATE szakd SET email="updatelt@gmail.com" WHERE 1;;0;10541
2018.04.09_00:33:01;Egyéni: UPDATE szakd SET email="updatelt@gmail.com" WHERE 1;;0;7729
2018.04.09_00:33:13;Egyéni: UPDATE szakd SET email="updatelt@gmail.com" WHERE 1;;0;12214
2018.04.09_00:33:21;Egyéni: UPDATE szakd SET email="updatelt@gmail.com" WHERE 1;;0;7609
2018.04.09_00:33:30;Egyéni: UPDATE szakd SET email="updatelt@gmail.com" WHERE 1;;0;9645
2018.04.09_00:33:39;Egyéni: UPDATE szakd SET email="updatelt@gmail.com" WHERE 1;;0;8744
2018.04.09_00:33:49;Egyéni: UPDATE szakd SET email="updatelt@gmail.com" WHERE 1;;0;9360
2018.04.09_00:37:35;INSERT;10000;2336
2018.04.09_00:37:57;Egyéni: UPDATE szakd SET email="updatelt@gmail.com" WHERE 1;;0;17109
2018.04.09_00:38:12;Egyéni: UPDATE szakd SET email="updatelt@gmail.com" WHERE 1;;0;14625
2018.04.09_00:38:25;Egyéni: UPDATE szakd SET email="updatelt@gmail.com" WHERE 1;;0;12597
2018.04.09_00:38:38;Egyéni: UPDATE szakd SET email="updatelt@gmail.com" WHERE 1;;0;13795
2018.04.09_00:38:52;Egyéni: UPDATE szakd SET email="updatelt@gmail.com" WHERE 1;;0;13066
2018.04.09_00:39:04;Egyéni: UPDATE szakd SET email="updatelt@gmail.com" WHERE 1;;0;12801
2018.04.09_00:39:16;Egyéni: UPDATE szakd SET email="updatelt@gmail.com" WHERE 1;;0;12031
2018.04.09_00:39:29;Egyéni: UPDATE szakd SET email="updatelt@gmail.com" WHERE 1;;0;12636
2018.04.09_00:39:42;Egyéni: UPDATE szakd SET email="updatelt@gmail.com" WHERE 1;;0;12780
2018.04.09_00:39:56;Egyéni: UPDATE szakd SET email="updatelt@gmail.com" WHERE 1;;0;14716
2018.04.09_00:40:13;Egyéni: UPDATE szakd SET email="updatelt@gmail.com" WHERE 1;;0;16149
2018.04.09_00:40:25;Egyéni: UPDATE szakd SET email="updatelt@gmail.com" WHERE 1;;0;12421
2018.04.09_00:40:37;Egyéni: UPDATE szakd SET email="updatelt@gmail.com" WHERE 1;;0;12080
2018.04.09_00:40:51;Egyéni: UPDATE szakd SET email="updatelt@gmail.com" WHERE 1;;0;13619
2018.04.09_00:41:06;Egyéni: UPDATE szakd SET email="updatelt@gmail.com" WHERE 1;;0;15352
2018.04.09_00:41:18;Egyéni: UPDATE szakd SET email="updatelt@gmail.com" WHERE 1;;0;11649
2018.04.09_00:41:30;Egyéni: UPDATE szakd SET email="updatelt@gmail.com" WHERE 1;;0;12396
2018.04.09_00:41:43;Egyéni: UPDATE szakd SET email="updatelt@gmail.com" WHERE 1;;0;12352
2018.04.09_00:41:56;Egyéni: UPDATE szakd SET email="updatelt@gmail.com" WHERE 1;;0;13726
2018.04.09_00:42:09;Egyéni: UPDATE szakd SET email="updatelt@gmail.com" WHERE 1;;0;12926
2018.04.09_00:42:23;Egyéni: UPDATE szakd SET email="updatelt@gmail.com" WHERE 1;;0;13609
2018.04.09_00:42:36;Egyéni: UPDATE szakd SET email="updatelt@gmail.com" WHERE 1;;0;13026
2018.04.09_00:42:49;Egyéni: UPDATE szakd SET email="updatelt@gmail.com" WHERE 1;;0;13250
2018.04.09_00:43:02;Egyéni: UPDATE szakd SET email="updatelt@gmail.com" WHERE 1;;0;13071
2018.04.09_00:43:15;Egyéni: UPDATE szakd SET email="updatelt@gmail.com" WHERE 1;;0;12937
2018.04.09_00:43:27;Egyéni: UPDATE szakd SET email="updatelt@gmail.com" WHERE 1;;0;11721
2018.04.09_00:43:39;Egyéni: UPDATE szakd SET email="updatelt@gmail.com" WHERE 1;;0;12011
2018.04.09_00:43:50;Egyéni: UPDATE szakd SET email="updatelt@gmail.com" WHERE 1;;0;11489
2018.04.09_00:44:03;Egyéni: UPDATE szakd SET email="updatelt@gmail.com" WHERE 1;;0;12699
2018.04.09_00:44:16;Egyéni: UPDATE szakd SET email="updatelt@gmail.com" WHERE 1;;0;13414
2018.04.09_00:44:29;Egyéni: UPDATE szakd SET email="updatelt@gmail.com" WHERE 1;;0;12067
2018.04.09_00:44:42;Egyéni: UPDATE szakd SET email="updatelt@gmail.com" WHERE 1;;0;12636
2018.04.09_00:44:54;Egyéni: UPDATE szakd SET email="updatelt@gmail.com" WHERE 1;;0;12235
2018.04.09_00:45:07;Egyéni: UPDATE szakd SET email="updatelt@gmail.com" WHERE 1;;0;12469
2018.04.09_00:45:20;Egyéni: UPDATE szakd SET email="updatelt@gmail.com" WHERE 1;;0;13327
2018.04.09_00:45:33;Egyéni: UPDATE szakd SET email="updatelt@gmail.com" WHERE 1;;0;12870
2018.04.09_00:45:46;Egyéni: UPDATE szakd SET email="updatelt@gmail.com" WHERE 1;;0;13234
2018.04.09_00:46:00;Egyéni: UPDATE szakd SET email="updatelt@gmail.com" WHERE 1;;0;13954
2018.04.09_00:46:13;Egyéni: UPDATE szakd SET email="updatelt@gmail.com" WHERE 1;;0;12950
2018.04.09_00:46:27;Egyéni: UPDATE szakd SET email="updatelt@gmail.com" WHERE 1;;0;14048
2018.04.09_00:46:38;Egyéni: UPDATE szakd SET email="updatelt@gmail.com" WHERE 1;;0;11499
2018.04.09_00:46:50;Egyéni: UPDATE szakd SET email="updatelt@gmail.com" WHERE 1;;0;11936
2018.04.09_00:47:04;Egyéni: UPDATE szakd SET email="updatelt@gmail.com" WHERE 1;;0;13514
2018.04.09_00:47:17;Egyéni: UPDATE szakd SET email="updatelt@gmail.com" WHERE 1;;0;12523
2018.04.09_00:47:29;Egyéni: UPDATE szakd SET email="updatelt@gmail.com" WHERE 1;;0;12336
2018.04.09_00:47:41;Egyéni: UPDATE szakd SET email="updatelt@gmail.com" WHERE 1;;0;12008
2018.04.09_00:47:53;Egyéni: UPDATE szakd SET email="updatelt@gmail.com" WHERE 1;;0;11767
2018.04.09_00:48:05;Egyéni: UPDATE szakd SET email="updatelt@gmail.com" WHERE 1;;0;12604
2018.04.09_00:48:17;Egyéni: UPDATE szakd SET email="updatelt@gmail.com" WHERE 1;;0;11744
2018.04.09_00:48:29;Egyéni: UPDATE szakd SET email="updatelt@gmail.com" WHERE 1;;0;11743
2018.04.09_00:48:42;Egyéni: UPDATE szakd SET email="updatelt@gmail.com" WHERE 1;;0;12968
2018.04.09_00:48:54;Egyéni: UPDATE szakd SET email="updatelt@gmail.com" WHERE 1;;0;11990
2018.04.09_00:49:07;Egyéni: UPDATE szakd SET email="updatelt@gmail.com" WHERE 1;;0;11268
2018.04.09_00:49:19;Egyéni: UPDATE szakd SET email="updatelt@gmail.com" WHERE 1;;0;12375
2018.04.09_00:49:31;Egyéni: UPDATE szakd SET email="updatelt@gmail.com" WHERE 1;;0;12547
2018.04.09_00:49:45;Egyéni: UPDATE szakd SET email="updatelt@gmail.com" WHERE 1;;0;13987
2018.04.09_00:49:59;Egyéni: UPDATE szakd SET email="updatelt@gmail.com" WHERE 1;;0;13329
2018.04.09_00:50:14;Egyéni: UPDATE szakd SET email="updatelt@gmail.com" WHERE 1;;0;15071
2018.04.09_00:50:25;Egyéni: UPDATE szakd SET email="updatelt@gmail.com" WHERE 1;;0;11285
2018.04.09_00:50:36;Egyéni: UPDATE szakd SET email="updatelt@gmail.com" WHERE 1;;0;10383
2018.04.09_00:50:55;Egyéni: UPDATE szakd SET email="updatelt@gmail.com" WHERE 1;;0;19430
2018.04.09_00:51:06;Egyéni: UPDATE szakd SET email="updatelt@gmail.com" WHERE 1;;0;11308
2018.04.09_00:51:19;Egyéni: UPDATE szakd SET email="updatelt@gmail.com" WHERE 1;;0;12633
2018.04.09_00:51:30;Egyéni: UPDATE szakd SET email="updatelt@gmail.com" WHERE 1;;0;10771
2018.04.09_00:51:41;Egyéni: UPDATE szakd SET email="updatelt@gmail.com" WHERE 1;;0;11469
2018.04.09_00:51:52;Egyéni: UPDATE szakd SET email="updatelt@gmail.com" WHERE 1;;0;11320
2018.04.09_00:52:06;Egyéni: UPDATE szakd SET email="updatelt@gmail.com" WHERE 1;;0;13316
2018.04.09_00:52:19;Egyéni: UPDATE szakd SET email="updatelt@gmail.com" WHERE 1;;0;13482
2018.04.09_00:52:32;Egyéni: UPDATE szakd SET email="updatelt@gmail.com" WHERE 1;;0;13042
2018.04.09_00:52:43;Egyéni: UPDATE szakd SET email="updatelt@gmail.com" WHERE 1;;0;11110
2018.04.09_00:52:54;Egyéni: UPDATE szakd SET email="updatelt@gmail.com" WHERE 1;;0;10718
2018.04.09_00:53:09;Egyéni: UPDATE szakd SET email="updatelt@gmail.com" WHERE 1;;0;14580
2018.04.09_00:53:24;Egyéni: UPDATE szakd SET email="updatelt@gmail.com" WHERE 1;;0;15693
2018.04.09_00:53:37;Egyéni: UPDATE szakd SET email="updatelt@gmail.com" WHERE 1;;0;12637
2018.04.09_00:53:48;Egyéni: UPDATE szakd SET email="updatelt@gmail.com" WHERE 1;;0;11239
2018.04.09_00:54:01;Egyéni: UPDATE szakd SET email="updatelt@gmail.com" WHERE 1;;0;12664
2018.04.09_00:54:15;Egyéni: UPDATE szakd SET email="updatelt@gmail.com" WHERE 1;;0;13608
2018.04.09_00:54:27;Egyéni: UPDATE szakd SET email="updatelt@gmail.com" WHERE 1;;0;12252
2018.04.09_00:54:48;Egyéni: UPDATE szakd SET email="updatelt@gmail.com" WHERE 1;;0;20966
2018.04.09_00:55:14;Egyéni: UPDATE szakd SET email="updatelt@gmail.com" WHERE 1;;0;25973
2018.04.09_00:55:41;Egyéni: UPDATE szakd SET email="updatelt@gmail.com" WHERE 1;;0;27096
2018.04.09_00:56:03;Egyéni: UPDATE szakd SET email="updatelt@gmail.com" WHERE 1;;0;22195
2018.04.09_00:56:36;Egyéni: UPDATE szakd SET email="updatelt@gmail.com" WHERE 1;;0;33246
2018.04.09_00:56:56;Egyéni: UPDATE szakd SET email="updatelt@gmail.com" WHERE 1;;0;19282
2018.04.09_00:57:21;Egyéni: UPDATE szakd SET email="updatelt@gmail.com" WHERE 1;;0;25285
2018.04.09_00:57:43;Egyéni: UPDATE szakd SET email="updatelt@gmail.com" WHERE 1;;0;22467
2018.04.09_00:58:06;Egyéni: UPDATE szakd SET email="updatelt@gmail.com" WHERE 1;;0;23057
2018.04.09_00:58:28;Egyéni: UPDATE szakd SET email="updatelt@gmail.com" WHERE 1;;0;21184
2018.04.09_00:58:45;Egyéni: UPDATE szakd SET email="updatelt@gmail.com" WHERE 1;;0;17554
2018.04.09_00:59:07;Egyéni: UPDATE szakd SET email="updatelt@gmail.com" WHERE 1;;0;21634
2018.04.09_00:59:29;Egyéni: UPDATE szakd SET email="updatelt@gmail.com" WHERE 1;;0;22265
2018.04.09_00:59:52;Egyéni: UPDATE szakd SET email="updatelt@gmail.com" WHERE 1;;0;22998
2018.04.09_01:00:12;Egyéni: UPDATE szakd SET email="updatelt@gmail.com" WHERE 1;;0;19887
2018.04.09_01:00:33;Egyéni: UPDATE szakd SET email="updatelt@gmail.com" WHERE 1;;0;21371
2018.04.09_01:00:53;Egyéni: UPDATE szakd SET email="updatelt@gmail.com" WHERE 1;;0;19783
2018.04.09_01:01:15;Egyéni: UPDATE szakd SET email="updatelt@gmail.com" WHERE 1;;0;21557
2018.04.09_01:01:40;Egyéni: UPDATE szakd SET email="updatelt@gmail.com" WHERE 1;;0;25475
2018.04.09_01:01:58;Egyéni: UPDATE szakd SET email="updatelt@gmail.com" WHERE 1;;0;17947
2018.04.09_01:02:15;Egyéni: UPDATE szakd SET email="updatelt@gmail.com" WHERE 1;;0;17118
2018.04.09_01:02:35;Egyéni: UPDATE szakd SET email="updatelt@gmail.com" WHERE 1;;0;19514
2018.04.09_01:02:55;INSERT;10000;2473
2018.04.09_01:08:02;Egyéni: UPDATE szakd SET email="updatelt@gmail.com" WHERE 1;;40001;31104
2018.04.09_01:08:30;Egyéni: UPDATE szakd SET email="updatelt@gmail.com" WHERE 1;;40001;27382
2018.04.09_01:08:53;Egyéni: UPDATE szakd SET email="updatelt@gmail.com" WHERE 1;;40001;23262
2018.04.09_01:09:18;Egyéni: UPDATE szakd SET email="updatelt@gmail.com" WHERE 1;;40001;24993
2018.04.09_01:09:45;Egyéni: UPDATE szakd SET email="updatelt@gmail.com" WHERE 1;;40001;27000
2018.04.09_01:10:15;Egyéni: UPDATE szakd SET email="updatelt@gmail.com" WHERE 1;;40001;30689
2018.04.09_01:10:41;Egyéni: UPDATE szakd SET email="updatelt@gmail.com" WHERE 1;;40001;25229
2018.04.09_01:11:07;Egyéni: UPDATE szakd SET email="updatelt@gmail.com" WHERE 1;;40001;26015
2018.04.09_01:11:30;Egyéni: UPDATE szakd SET email="updatelt@gmail.com" WHERE 1;;40001;23254
2018.04.09_01:12:00;Egyéni: UPDATE szakd SET email="updatelt@gmail.com" WHERE 1;;40001;29771
2018.04.09_01:12:28;Egyéni: UPDATE szakd SET email="updatelt@gmail.com" WHERE 1;;40001;27789
2018.04.09_01:12:56;Egyéni: UPDATE szakd SET email="updatelt@gmail.com" WHERE 1;;40001;28302
2018.04.09_01:13:20;Egyéni: UPDATE szakd SET email="updatelt@gmail.com" WHERE 1;;40001;24258
2018.04.09_01:13:45;Egyéni: UPDATE szakd SET email="updatelt@gmail.com" WHERE 1;;40001;24450
2018.04.09_01:14:08;Egyéni: UPDATE szakd SET email="updatelt@gmail.com" WHERE 1;;40001;23557
2018.04.09_01:14:32;Egyéni: UPDATE szakd SET email="updatelt@gmail.com" WHERE 1;;40001;23954
2018.04.09_01:15:02;Egyéni: UPDATE szakd SET email="updatelt@gmail.com" WHERE 1;;40001;30248
2018.04.09_01:15:29;Egyéni: UPDATE szakd SET email="updatelt@gmail.com" WHERE 1;;40001;26174
2018.04.09_01:15:56;Egyéni: UPDATE szakd SET email="updatelt@gmail.com" WHERE 1;;40001;27508
2018.04.09_01:16:22;Egyéni: UPDATE szakd SET email="updatelt@gmail.com" WHERE 1;;40001;26061
2018.04.09_01:16:46;Egyéni: UPDATE szakd SET email="updatelt@gmail.com" WHERE 1;;40001;24142
2018.04.09_01:17:10;Egyéni: UPDATE szakd SET email="updatelt@gmail.com" WHERE 1;;40001;23931
2018.04.09_01:17:35;Egyéni: UPDATE szakd SET email="updatelt@gmail.com" WHERE 1;;40001;25314
2018.04.09_01:18:01;Egyéni: UPDATE szakd SET email="updatelt@gmail.com" WHERE 1;;40001;25853
2018.04.09_01:18:24;Egyéni: UPDATE szakd SET email="updatelt@gmail.com" WHERE 1;;40001;22184
2018.04.09_01:18:47;Egyéni: UPDATE szakd SET email="updatelt@gmail.com" WHERE 1;;40001;23682
2018.04.09_01:19:12;Egyéni: UPDATE szakd SET email="updatelt@gmail.com" WHERE 1;;40001;24575
2018.04.09_01:19:38;Egyéni: UPDATE szakd SET email="updatelt@gmail.com" WHERE 1;;40001;26671
2018.04.09_01:20:07;Egyéni: UPDATE szakd SET email="updatelt@gmail.com" WHERE 1;;40001;28321
2018.04.09_01:20:35;Egyéni: UPDATE szakd SET email="updatelt@gmail.com" WHERE 1;;40001;27814
2018.04.09_01:21:00;Egyéni: UPDATE szakd SET email="updatelt@gmail.com" WHERE 1;;40001;25701
2018.04.09_01:21:18;Egyéni: UPDATE szakd SET email="updatelt@gmail.com" WHERE 1;;40001;18158
2018.04.09_01:21:37;Egyéni: UPDATE szakd SET email="updatelt@gmail.com" WHERE 1;;40001;18312
2018.04.09_01:21:56;Egyéni: UPDATE szakd SET email="updatelt@gmail.com" WHERE 1;;40001;19025
2018.04.09_01:22:14;Egyéni: UPDATE szakd SET email="updatelt@gmail.com" WHERE 1;;40001;18077
2018.04.09_01:22:36;Egyéni: UPDATE szakd SET email="updatelt@gmail.com" WHERE 1;;40001;21924
2018.04.09_01:22:58;Egyéni: UPDATE szakd SET email="updatelt@gmail.com" WHERE 1;;40001;21726
2018.04.09_01:23:20;Egyéni: UPDATE szakd SET email="updatelt@gmail.com" WHERE 1;;40001;22792
2018.04.09_01:23:46;Egyéni: UPDATE szakd SET email="updatelt@gmail.com" WHERE 1;;40001;25756
2018.04.09_01:24:09;Egyéni: UPDATE szakd SET email="updatelt@gmail.com" WHERE 1;;40001;22813
2018.04.09_01:24:29;Egyéni: UPDATE szakd SET email="updatelt@gmail.com" WHERE 1;;40001;20278
2018.04.09_01:24:51;Egyéni: UPDATE szakd SET email="updatelt@gmail.com" WHERE 1;;40001;22295
2018.04.09_01:25:15;Egyéni: UPDATE szakd SET email="updatelt@gmail.com" WHERE 1;;40001;23385
2018.04.09_01:25:36;Egyéni: UPDATE szakd SET email="updatelt@gmail.com" WHERE 1;;40001;21602
2018.04.09_01:25:57;Egyéni: UPDATE szakd SET email="updatelt@gmail.com" WHERE 1;;40001;20197
2018.04.09_01:26:22;Egyéni: UPDATE szakd SET email="updatelt@gmail.com" WHERE 1;;40001;25751
2018.04.09_01:26:45;Egyéni: UPDATE szakd SET email="updatelt@gmail.com" WHERE 1;;40001;22724
2018.04.09_01:27:06;Egyéni: UPDATE szakd SET email="updatelt@gmail.com" WHERE 1;;40001;21313
2018.04.09_01:27:24;Egyéni: UPDATE szakd SET email="updatelt@gmail.com" WHERE 1;;40001;17227
2018.04.09_01:27:48;Egyéni: UPDATE szakd SET email="updatelt@gmail.com" WHERE 1;;40001;24399
2018.04.09_01:28:11;Egyéni: UPDATE szakd SET email="updatelt@gmail.com" WHERE 1;;40001;22760
2018.04.09_01:28:33;Egyéni: UPDATE szakd SET email="updatelt@gmail.com" WHERE 1;;40001;21775
2018.04.09_01:28:52;Egyéni: UPDATE szakd SET email="updatelt@gmail.com" WHERE 1;;40001;19308
2018.04.09_01:29:10;Egyéni: UPDATE szakd SET email="updatelt@gmail.com" WHERE 1;;40001;17997
2018.04.09_01:29:27;Egyéni: UPDATE szakd SET email="updatelt@gmail.com" WHERE 1;;40001;17002
2018.04.09_01:29:46;Egyéni: UPDATE szakd SET email="updatelt@gmail.com" WHERE 1;;40001;19269
2018.04.09_01:30:02;Egyéni: UPDATE szakd SET email="updatelt@gmail.com" WHERE 1;;40001;15789
2018.04.09_01:30:19;Egyéni: UPDATE szakd SET email="updatelt@gmail.com" WHERE 1;;40001;17430
2018.04.09_01:30:36;Egyéni: UPDATE szakd SET email="updatelt@gmail.com" WHERE 1;;40001;16950
2018.04.09_01:30:54;Egyéni: UPDATE szakd SET email="updatelt@gmail.com" WHERE 1;;40001;17214
2018.04.09_01:31:13;Egyéni: UPDATE szakd SET email="updatelt@gmail.com" WHERE 1;;40001;19322
2018.04.09_01:31:28;Egyéni: UPDATE szakd SET email="updatelt@gmail.com" WHERE 1;;40001;15464
2018.04.09_01:31:44;Egyéni: UPDATE szakd SET email="updatelt@gmail.com" WHERE 1;;40001;15574
2018.04.09_01:32:00;Egyéni: UPDATE szakd SET email="updatelt@gmail.com" WHERE 1;;40001;15772
2018.04.09_01:32:17;Egyéni: UPDATE szakd SET email="updatelt@gmail.com" WHERE 1;;40001;16948
2018.04.09_01:32:33;Egyéni: UPDATE szakd SET email="updatelt@gmail.com" WHERE 1;;40001;16545
2018.04.09_01:32:49;Egyéni: UPDATE szakd SET email="updatelt@gmail.com" WHERE 1;;40001;15314
2018.04.09_01:33:07;Egyéni: UPDATE szakd SET email="updatelt@gmail.com" WHERE 1;;40001;18002
2018.04.09_01:33:23;Egyéni: UPDATE szakd SET email="updatelt@gmail.com" WHERE 1;;40001;16205
2018.04.09_01:33:39;Egyéni: UPDATE szakd SET email="updatelt@gmail.com" WHERE 1;;40001;16145
2018.04.09_01:33:55;Egyéni: UPDATE szakd SET email="updatelt@gmail.com" WHERE 1;;40001;16616
2018.04.09_01:34:13;Egyéni: UPDATE szakd SET email="updatelt@gmail.com" WHERE 1;;40001;17377
2018.04.09_01:34:28;Egyéni: UPDATE szakd SET email="updatelt@gmail.com" WHERE 1;;40001;15330
2018.04.09_01:34:44;Egyéni: UPDATE szakd SET email="updatelt@gmail.com" WHERE 1;;40001;16132
2018.04.09_01:35:00;Egyéni: UPDATE szakd SET email="updatelt@gmail.com" WHERE 1;;40001;15449
2018.04.09_01:35:15;Egyéni: UPDATE szakd SET email="updatelt@gmail.com" WHERE 1;;40001;15389
2018.04.09_01:35:29;Egyéni: UPDATE szakd SET email="updatelt@gmail.com" WHERE 1;;40001;14153
2018.04.09_01:35:44;Egyéni: UPDATE szakd SET email="updatelt@gmail.com" WHERE 1;;40001;14660
2018.04.09_01:35:58;Egyéni: UPDATE szakd SET email="updatelt@gmail.com" WHERE 1;;40001;14189
2018.04.09_01:36:15;Egyéni: UPDATE szakd SET email="updatelt@gmail.com" WHERE 1;;40001;16963
2018.04.09_01:36:33;Egyéni: UPDATE szakd SET email="updatelt@gmail.com" WHERE 1;;40001;18308
2018.04.09_01:36:51;Egyéni: UPDATE szakd SET email="updatelt@gmail.com" WHERE 1;;40001;17709
2018.04.09_01:37:08;Egyéni: UPDATE szakd SET email="updatelt@gmail.com" WHERE 1;;40001;17310
2018.04.09_01:37:24;Egyéni: UPDATE szakd SET email="updatelt@gmail.com" WHERE 1;;40001;15657
2018.04.09_01:37:40;Egyéni: UPDATE szakd SET email="updatelt@gmail.com" WHERE 1;;40001;15798
2018.04.09_01:37:55;Egyéni: UPDATE szakd SET email="updatelt@gmail.com" WHERE 1;;40001;14770
2018.04.09_01:38:09;Egyéni: UPDATE szakd SET email="updatelt@gmail.com" WHERE 1;;40001;14766
2018.04.09_01:38:27;Egyéni: UPDATE szakd SET email="updatelt@gmail.com" WHERE 1;;40001;17540
2018.04.09_01:38:44;Egyéni: UPDATE szakd SET email="updatelt@gmail.com" WHERE 1;;40001;16861
2018.04.09_01:38:59;Egyéni: UPDATE szakd SET email="updatelt@gmail.com" WHERE 1;;40001;15206
2018.04.09_01:39:16;Egyéni: UPDATE szakd SET email="updatelt@gmail.com" WHERE 1;;40001;17061
2018.04.09_01:39:36;Egyéni: UPDATE szakd SET email="updatelt@gmail.com" WHERE 1;;40001;18629
2018.04.09_01:39:52;Egyéni: UPDATE szakd SET email="updatelt@gmail.com" WHERE 1;;40001;16603
2018.04.09_01:40:08;Egyéni: UPDATE szakd SET email="updatelt@gmail.com" WHERE 1;;40001;15340
2018.04.09_01:40:25;Egyéni: UPDATE szakd SET email="updatelt@gmail.com" WHERE 1;;40001;17391
2018.04.09_01:40:43;Egyéni: UPDATE szakd SET email="updatelt@gmail.com" WHERE 1;;40001;17729
2018.04.09_01:40:59;Egyéni: UPDATE szakd SET email="updatelt@gmail.com" WHERE 1;;40001;16364
2018.04.09_01:41:15;Egyéni: UPDATE szakd SET email="updatelt@gmail.com" WHERE 1;;40001;15594
2018.04.09_01:41:31;Egyéni: UPDATE szakd SET email="updatelt@gmail.com" WHERE 1;;40001;16620
2018.04.09_01:41:48;Egyéni: UPDATE szakd SET email="updatelt@gmail.com" WHERE 1;;40001;16337
2018.04.09_01:43:28;INSERT;10000;2262
2018.04.09_01:44:00;Egyéni: UPDATE szakd SET email="updatelt@gmail.com" WHERE 1;;50001;20573
2018.04.09_01:44:23;Egyéni: UPDATE szakd SET email="updatelt@gmail.com" WHERE 1;;50001;23101
2018.04.09_01:44:44;Egyéni: UPDATE szakd SET email="updatelt@gmail.com" WHERE 1;;50001;21143
2018.04.09_01:45:04;Egyéni: UPDATE szakd SET email="updatelt@gmail.com" WHERE 1;;50001;19627
2018.04.09_01:45:24;Egyéni: UPDATE szakd SET email="updatelt@gmail.com" WHERE 1;;50001;19828
2018.04.09_01:45:41;Egyéni: UPDATE szakd SET email="updatelt@gmail.com" WHERE 1;;50001;17376
2018.04.09_01:46:00;Egyéni: UPDATE szakd SET email="updatelt@gmail.com" WHERE 1;;50001;18618
2018.04.09_01:46:19;Egyéni: UPDATE szakd SET email="updatelt@gmail.com" WHERE 1;;50001;18984
2018.04.09_01:46:38;Egyéni: UPDATE szakd SET email="updatelt@gmail.com" WHERE 1;;50001;19557
2018.04.09_01:46:58;Egyéni: UPDATE szakd SET email="updatelt@gmail.com" WHERE 1;;50001;19976
2018.04.09_01:47:17;Egyéni: UPDATE szakd SET email="updatelt@gmail.com" WHERE 1;;50001;18786
2018.04.09_01:47:38;Egyéni: UPDATE szakd SET email="updatelt@gmail.com" WHERE 1;;50001;20778
2018.04.09_01:47:57;Egyéni: UPDATE szakd SET email="updatelt@gmail.com" WHERE 1;;50001;19232
2018.04.09_01:48:19;Egyéni: UPDATE szakd SET email="updatelt@gmail.com" WHERE 1;;50001;21474
2018.04.09_01:48:38;Egyéni: UPDATE szakd SET email="updatelt@gmail.com" WHERE 1;;50001;19730
2018.04.09_01:48:58;Egyéni: UPDATE szakd SET email="updatelt@gmail.com" WHERE 1;;50001;19489
2018.04.09_01:49:17;Egyéni: UPDATE szakd SET email="updatelt@gmail.com" WHERE 1;;50001;18851
2018.04.09_01:49:39;Egyéni: UPDATE szakd SET email="updatelt@gmail.com" WHERE 1;;50001;21873
2018.04.09_01:49:58;Egyéni: UPDATE szakd SET email="updatelt@gmail.com" WHERE 1;;50001;19082
2018.04.09_01:50:16;Egyéni: UPDATE szakd SET email="updatelt@gmail.com" WHERE 1;;50001;18598
2018.04.09_01:50:37;Egyéni: UPDATE szakd SET email="updatelt@gmail.com" WHERE 1;;50001;21149
2018.04.09_01:50:57;Egyéni: UPDATE szakd SET email="updatelt@gmail.com" WHERE 1;;50001;19677
2018.04.09_01:51:17;Egyéni: UPDATE szakd SET email="updatelt@gmail.com" WHERE 1;;50001;20235
2018.04.09_01:51:38;Egyéni: UPDATE szakd SET email="updatelt@gmail.com" WHERE 1;;50001;20645
2018.04.09_01:51:58;Egyéni: UPDATE szakd SET email="updatelt@gmail.com" WHERE 1;;50001;20419
2018.04.09_01:52:19;Egyéni: UPDATE szakd SET email="updatelt@gmail.com" WHERE 1;;50001;20313
2018.04.09_01:52:39;Egyéni: UPDATE szakd SET email="updatelt@gmail.com" WHERE 1;;50001;20572
2018.04.09_01:52:58;Egyéni: UPDATE szakd SET email="updatelt@gmail.com" WHERE 1;;50001;19103
2018.04.09_01:53:18;Egyéni: UPDATE szakd SET email="updatelt@gmail.com" WHERE 1;;50001;19831
2018.04.09_01:53:38;Egyéni: UPDATE szakd SET email="updatelt@gmail.com" WHERE 1;;50001;19491
2018.04.09_01:53:59;Egyéni: UPDATE szakd SET email="updatelt@gmail.com" WHERE 1;;50001;20265
2018.04.09_01:54:18;Egyéni: UPDATE szakd SET email="updatelt@gmail.com" WHERE 1;;50001;19155
2018.04.09_01:54:39;Egyéni: UPDATE szakd SET email="updatelt@gmail.com" WHERE 1;;50001;20572
2018.04.09_01:55:00;Egyéni: UPDATE szakd SET email="updatelt@gmail.com" WHERE 1;;50001;20782
2018.04.09_01:55:21;Egyéni: UPDATE szakd SET email="updatelt@gmail.com" WHERE 1;;50001;20805
2018.04.09_01:55:41;Egyéni: UPDATE szakd SET email="updatelt@gmail.com" WHERE 1;;50001;20680
2018.04.09_01:56:02;Egyéni: UPDATE szakd SET email="updatelt@gmail.com" WHERE 1;;50001;20830
2018.04.09_01:56:21;Egyéni: UPDATE szakd SET email="updatelt@gmail.com" WHERE 1;;50001;19068
2018.04.09_01:56:41;Egyéni: UPDATE szakd SET email="updatelt@gmail.com" WHERE 1;;50001;20085
2018.04.09_01:57:01;Egyéni: UPDATE szakd SET email="updatelt@gmail.com" WHERE 1;;50001;19808
2018.04.09_01:57:21;Egyéni: UPDATE szakd SET email="updatelt@gmail.com" WHERE 1;;50001;19608
2018.04.09_01:57:42;Egyéni: UPDATE szakd SET email="updatelt@gmail.com" WHERE 1;;50001;21260
2018.04.09_01:58:01;Egyéni: UPDATE szakd SET email="updatelt@gmail.com" WHERE 1;;50001;19058
2018.04.09_01:58:20;Egyéni: UPDATE szakd SET email="updatelt@gmail.com" WHERE 1;;50001;18838
2018.04.09_01:58:39;Egyéni: UPDATE szakd SET email="updatelt@gmail.com" WHERE 1;;50001;19328
2018.04.09_01:58:59;Egyéni: UPDATE szakd SET email="updatelt@gmail.com" WHERE 1;;50001;20152
2018.04.09_01:59:18;Egyéni: UPDATE szakd SET email="updatelt@gmail.com" WHERE 1;;50001;19016
2018.04.09_01:59:38;Egyéni: UPDATE szakd SET email="updatelt@gmail.com" WHERE 1;;50001;19998
2018.04.09_01:59:59;Egyéni: UPDATE szakd SET email="updatelt@gmail.com" WHERE 1;;50001;20238
2018.04.09_02:00:20;Egyéni: UPDATE szakd SET email="updatelt@gmail.com" WHERE 1;;50001;21030
2018.04.09_02:00:38;Egyéni: UPDATE szakd SET email="updatelt@gmail.com" WHERE 1;;50001;18454
2018.04.09_02:00:59;Egyéni: UPDATE szakd SET email="updatelt@gmail.com" WHERE 1;;50001;20382
2018.04.09_02:01:18;Egyéni: UPDATE szakd SET email="updatelt@gmail.com" WHERE 1;;50001;19296
2018.04.09_02:01:38;Egyéni: UPDATE szakd SET email="updatelt@gmail.com" WHERE 1;;50001;20062
2018.04.09_02:01:57;Egyéni: UPDATE szakd SET email="updatelt@gmail.com" WHERE 1;;50001;19307
2018.04.09_02:02:19;Egyéni: UPDATE szakd SET email="updatelt@gmail.com" WHERE 1;;50001;21531
2018.04.09_02:02:39;Egyéni: UPDATE szakd SET email="updatelt@gmail.com" WHERE 1;;50001;20466
2018.04.09_02:02:59;Egyéni: UPDATE szakd SET email="updatelt@gmail.com" WHERE 1;;50001;19366
2018.04.09_02:03:18;Egyéni: UPDATE szakd SET email="updatelt@gmail.com" WHERE 1;;50001;19378
2018.04.09_02:03:38;Egyéni: UPDATE szakd SET email="updatelt@gmail.com" WHERE 1;;50001;20573
2018.04.09_02:03:59;Egyéni: UPDATE szakd SET email="updatelt@gmail.com" WHERE 1;;50001;20513
2018.04.09_02:04:17;Egyéni: UPDATE szakd SET email="updatelt@gmail.com" WHERE 1;;50001;18148
2018.04.09_02:04:37;Egyéni: UPDATE szakd SET email="updatelt@gmail.com" WHERE 1;;50001;19951
2018.04.09_02:04:57;Egyéni: UPDATE szakd SET email="updatelt@gmail.com" WHERE 1;;50001;19984
2018.04.09_02:05:18;Egyéni: UPDATE szakd SET email="updatelt@gmail.com" WHERE 1;;50001;20659
2018.04.09_02:05:38;Egyéni: UPDATE szakd SET email="updatelt@gmail.com" WHERE 1;;50001;19833
2018.04.09_02:05:57;Egyéni: UPDATE szakd SET email="updatelt@gmail.com" WHERE 1;;50001;19697
2018.04.09_02:06:15;Egyéni: UPDATE szakd SET email="updatelt@gmail.com" WHERE 1;;50001;17510
2018.04.09_02:06:33;Egyéni: UPDATE szakd SET email="updatelt@gmail.com" WHERE 1;;50001;18339
2018.04.09_02:06:54;Egyéni: UPDATE szakd SET email="updatelt@gmail.com" WHERE 1;;50001;20784
2018.04.09_02:07:13;Egyéni: UPDATE szakd SET email="updatelt@gmail.com" WHERE 1;;50001;18851
2018.04.09_02:07:34;Egyéni: UPDATE szakd SET email="updatelt@gmail.com" WHERE 1;;50001;21695
2018.04.09_02:07:54;Egyéni: UPDATE szakd SET email="updatelt@gmail.com" WHERE 1;;50001;19618
2018.04.09_02:08:15;Egyéni: UPDATE szakd SET email="updatelt@gmail.com" WHERE 1;;50001;20744
2018.04.09_02:08:36;Egyéni: UPDATE szakd SET email="updatelt@gmail.com" WHERE 1;;50001;20675
2018.04.09_02:08:55;Egyéni: UPDATE szakd SET email="updatelt@gmail.com" WHERE 1;;50001;19156
2018.04.09_02:09:13;Egyéni: UPDATE szakd SET email="updatelt@gmail.com" WHERE 1;;50001;18812
2018.04.09_02:09:33;Egyéni: UPDATE szakd SET email="updatelt@gmail.com" WHERE 1;;50001;19951
2018.04.09_02:09:52;Egyéni: UPDATE szakd SET email="updatelt@gmail.com" WHERE 1;;50001;18889
2018.04.09_02:10:13;Egyéni: UPDATE szakd SET email="updatelt@gmail.com" WHERE 1;;50001;20660
2018.04.09_02:10:31;Egyéni: UPDATE szakd SET email="updatelt@gmail.com" WHERE 1;;50001;18100
2018.04.09_02:10:53;Egyéni: UPDATE szakd SET email="updatelt@gmail.com" WHERE 1;;50001;22258
2018.04.09_02:11:13;Egyéni: UPDATE szakd SET email="updatelt@gmail.com" WHERE 1;;50001;19504
2018.04.09_02:11:33;Egyéni: UPDATE szakd SET email="updatelt@gmail.com" WHERE 1;;50001;20488
2018.04.09_02:11:55;Egyéni: UPDATE szakd SET email="updatelt@gmail.com" WHERE 1;;50001;21766
2018.04.09_02:12:15;Egyéni: UPDATE szakd SET email="updatelt@gmail.com" WHERE 1;;50001;20045
2018.04.09_02:12:34;Egyéni: UPDATE szakd SET email="updatelt@gmail.com" WHERE 1;;50001;18481
2018.04.09_02:12:54;Egyéni: UPDATE szakd SET email="updatelt@gmail.com" WHERE 1;;50001;19927
2018.04.09_02:13:13;Egyéni: UPDATE szakd SET email="updatelt@gmail.com" WHERE 1;;50001;19784
2018.04.09_02:13:33;Egyéni: UPDATE szakd SET email="updatelt@gmail.com" WHERE 1;;50001;19698
2018.04.09_02:13:50;Egyéni: UPDATE szakd SET email="updatelt@gmail.com" WHERE 1;;50001;17337
2018.04.09_02:14:08;Egyéni: UPDATE szakd SET email="updatelt@gmail.com" WHERE 1;;50001;18071
2018.04.09_02:14:30;Egyéni: UPDATE szakd SET email="updatelt@gmail.com" WHERE 1;;50001;21074
2018.04.09_02:14:48;Egyéni: UPDATE szakd SET email="updatelt@gmail.com" WHERE 1;;50001;18909
2018.04.09_02:15:09;Egyéni: UPDATE szakd SET email="updatelt@gmail.com" WHERE 1;;50001;20619
2018.04.09_02:15:32;Egyéni: UPDATE szakd SET email="updatelt@gmail.com" WHERE 1;;50001;22932
2018.04.09_02:15:52;Egyéni: UPDATE szakd SET email="updatelt@gmail.com" WHERE 1;;50001;19879
2018.04.09_02:16:12;Egyéni: UPDATE szakd SET email="updatelt@gmail.com" WHERE 1;;50001;20062
2018.04.09_02:16:31;Egyéni: UPDATE szakd SET email="updatelt@gmail.com" WHERE 1;;50001;18948
2018.04.09_02:16:53;Egyéni: UPDATE szakd SET email="updatelt@gmail.com" WHERE 1;;50001;21632
2018.04.09_02:31:04;INSERT;10000;1848
2018.04.09_02:31:39;Egyéni: UPDATE szakd SET email="updatelt@gmail.com" WHERE 1;;60001;27161
2018.04.09_02:32:02;Egyéni: UPDATE szakd SET email="updatelt@gmail.com" WHERE 1;;60001;22826
2018.04.09_02:32:25;Egyéni: UPDATE szakd SET email="updatelt@gmail.com" WHERE 1;;60001;23236
2018.04.09_02:32:49;Egyéni: UPDATE szakd SET email="updatelt@gmail.com" WHERE 1;;60001;23186
2018.04.09_02:33:14;Egyéni: UPDATE szakd SET email="updatelt@gmail.com" WHERE 1;;60001;25268
2018.04.09_02:33:38;Egyéni: UPDATE szakd SET email="updatelt@gmail.com" WHERE 1;;60001;24572
2018.04.09_02:34:01;Egyéni: UPDATE szakd SET email="updatelt@gmail.com" WHERE 1;;60001;22399
2018.04.09_02:34:26;Egyéni: UPDATE szakd SET email="updatelt@gmail.com" WHERE 1;;60001;24959
2018.04.09_02:34:49;Egyéni: UPDATE szakd SET email="updatelt@gmail.com" WHERE 1;;60001;23135
2018.04.09_02:35:13;Egyéni: UPDATE szakd SET email="updatelt@gmail.com" WHERE 1;;60001;24231
2018.04.09_02:35:37;Egyéni: UPDATE szakd SET email="updatelt@gmail.com" WHERE 1;;60001;23343
2018.04.09_02:36:02;Egyéni: UPDATE szakd SET email="updatelt@gmail.com" WHERE 1;;60001;24695
2018.04.09_02:36:28;Egyéni: UPDATE szakd SET email="updatelt@gmail.com" WHERE 1;;60001;25330
2018.04.09_02:36:51;Egyéni: UPDATE szakd SET email="updatelt@gmail.com" WHERE 1;;60001;22432
2018.04.09_02:37:16;Egyéni: UPDATE szakd SET email="updatelt@gmail.com" WHERE 1;;60001;24928
2018.04.09_02:37:40;Egyéni: UPDATE szakd SET email="updatelt@gmail.com" WHERE 1;;60001;24185
2018.04.09_02:38:03;Egyéni: UPDATE szakd SET email="updatelt@gmail.com" WHERE 1;;60001;23228
2018.04.09_02:38:28;Egyéni: UPDATE szakd SET email="updatelt@gmail.com" WHERE 1;;60001;25274
2018.04.09_02:38:52;Egyéni: UPDATE szakd SET email="updatelt@gmail.com" WHERE 1;;60001;23599
2018.04.09_02:39:16;Egyéni: UPDATE szakd SET email="updatelt@gmail.com" WHERE 1;;60001;24096
2018.04.09_02:39:41;Egyéni: UPDATE szakd SET email="updatelt@gmail.com" WHERE 1;;60001;25061
2018.04.09_02:40:04;Egyéni: UPDATE szakd SET email="updatelt@gmail.com" WHERE 1;;60001;22538
2018.04.09_02:40:27;Egyéni: UPDATE szakd SET email="updatelt@gmail.com" WHERE 1;;60001;23122
2018.04.09_02:40:50;Egyéni: UPDATE szakd SET email="updatelt@gmail.com" WHERE 1;;60001;22846
2018.04.09_02:41:16;Egyéni: UPDATE szakd SET email="updatelt@gmail.com" WHERE 1;;60001;25950
2018.04.09_02:41:41;Egyéni: UPDATE szakd SET email="updatelt@gmail.com" WHERE 1;;60001;24910
2018.04.09_02:42:03;Egyéni: UPDATE szakd SET email="updatelt@gmail.com" WHERE 1;;60001;22357
2018.04.09_02:42:26;Egyéni: UPDATE szakd SET email="updatelt@gmail.com" WHERE 1;;60001;23381
2018.04.09_02:42:50;Egyéni: UPDATE szakd SET email="updatelt@gmail.com" WHERE 1;;60001;23446
2018.04.09_02:43:15;Egyéni: UPDATE szakd SET email="updatelt@gmail.com" WHERE 1;;60001;24750
2018.04.09_02:43:38;Egyéni: UPDATE szakd SET email="updatelt@gmail.com" WHERE 1;;60001;23016
2018.04.09_02:44:00;Egyéni: UPDATE szakd SET email="updatelt@gmail.com" WHERE 1;;60001;22911
2018.04.09_02:44:23;Egyéni: UPDATE szakd SET email="updatelt@gmail.com" WHERE 1;;60001;22865
2018.04.09_02:44:47;Egyéni: UPDATE szakd SET email="updatelt@gmail.com" WHERE 1;;60001;23200
2018.04.09_02:45:10;Egyéni: UPDATE szakd SET email="updatelt@gmail.com" WHERE 1;;60001;23477
2018.04.09_02:45:34;Egyéni: UPDATE szakd SET email="updatelt@gmail.com" WHERE 1;;60001;23787
2018.04.09_02:45:58;Egyéni: UPDATE szakd SET email="updatelt@gmail.com" WHERE 1;;60001;24284
2018.04.09_02:46:21;Egyéni: UPDATE szakd SET email="updatelt@gmail.com" WHERE 1;;60001;22503
2018.04.09_02:46:46;Egyéni: UPDATE szakd SET email="updatelt@gmail.com" WHERE 1;;60001;25432
2018.04.09_02:47:09;Egyéni: UPDATE szakd SET email="updatelt@gmail.com" WHERE 1;;60001;23429
2018.04.09_02:47:34;Egyéni: UPDATE szakd SET email="updatelt@gmail.com" WHERE 1;;60001;24717
2018.04.09_02:47:57;Egyéni: UPDATE szakd SET email="updatelt@gmail.com" WHERE 1;;60001;22825
2018.04.09_02:48:21;Egyéni: UPDATE szakd SET email="updatelt@gmail.com" WHERE 1;;60001;23863
2018.04.09_02:48:45;Egyéni: UPDATE szakd SET email="updatelt@gmail.com" WHERE 1;;60001;24070
2018.04.09_02:49:08;Egyéni: UPDATE szakd SET email="updatelt@gmail.com" WHERE 1;;60001;22691
2018.04.09_02:49:33;Egyéni: UPDATE szakd SET email="updatelt@gmail.com" WHERE 1;;60001;24969
2018.04.09_02:49:55;Egyéni: UPDATE szakd SET email="updatelt@gmail.com" WHERE 1;;60001;22262
2018.04.09_02:50:17;Egyéni: UPDATE szakd SET email="updatelt@gmail.com" WHERE 1;;60001;22451
2018.04.09_02:50:43;Egyéni: UPDATE szakd SET email="updatelt@gmail.com" WHERE 1;;60001;25283
2018.04.09_02:51:07;Egyéni: UPDATE szakd SET email="updatelt@gmail.com" WHERE 1;;60001;24731
2018.04.09_02:51:32;Egyéni: UPDATE szakd SET email="updatelt@gmail.com" WHERE 1;;60001;25038
2018.04.09_02:51:58;Egyéni: UPDATE szakd SET email="updatelt@gmail.com" WHERE 1;;60001;24745
2018.04.09_02:52:22;Egyéni: UPDATE szakd SET email="updatelt@gmail.com" WHERE 1;;60001;23357
2018.04.09_02:52:43;Egyéni: UPDATE szakd SET email="updatelt@gmail.com" WHERE 1;;60001;21814
2018.04.09_02:53:06;Egyéni: UPDATE szakd SET email="updatelt@gmail.com" WHERE 1;;60001;22864
2018.04.09_02:53:31;Egyéni: UPDATE szakd SET email="updatelt@gmail.com" WHERE 1;;60001;24281
2018.04.09_02:53:54;Egyéni: UPDATE szakd SET email="updatelt@gmail.com" WHERE 1;;60001;23941
2018.04.09_02:54:20;Egyéni: UPDATE szakd SET email="updatelt@gmail.com" WHERE 1;;60001;25496
2018.04.09_02:54:44;Egyéni: UPDATE szakd SET email="updatelt@gmail.com" WHERE 1;;60001;24304
2018.04.09_02:55:07;Egyéni: UPDATE szakd SET email="updatelt@gmail.com" WHERE 1;;60001;22284
2018.04.09_02:55:30;Egyéni: UPDATE szakd SET email="updatelt@gmail.com" WHERE 1;;60001;23197
2018.04.09_02:55:54;Egyéni: UPDATE szakd SET email="updatelt@gmail.com" WHERE 1;;60001;24240
2018.04.09_02:56:18;Egyéni: UPDATE szakd SET email="updatelt@gmail.com" WHERE 1;;60001;23491
2018.04.09_02:56:42;Egyéni: UPDATE szakd SET email="updatelt@gmail.com" WHERE 1;;60001;24078
2018.04.09_02:57:05;Egyéni: UPDATE szakd SET email="updatelt@gmail.com" WHERE 1;;60001;22914
2018.04.09_02:57:30;Egyéni: UPDATE szakd SET email="updatelt@gmail.com" WHERE 1;;60001;25810
2018.04.09_02:57:55;Egyéni: UPDATE szakd SET email="updatelt@gmail.com" WHERE 1;;60001;24325
2018.04.09_02:58:18;Egyéni: UPDATE szakd SET email="updatelt@gmail.com" WHERE 1;;60001;23283
2018.04.09_02:58:41;Egyéni: UPDATE szakd SET email="updatelt@gmail.com" WHERE 1;;60001;22965
2018.04.09_02:59:04;Egyéni: UPDATE szakd SET email="updatelt@gmail.com" WHERE 1;;60001;22657
2018.04.09_02:59:29;Egyéni: UPDATE szakd SET email="updatelt@gmail.com" WHERE 1;;60001;25155
2018.04.09_02:59:51;Egyéni: UPDATE szakd SET email="updatelt@gmail.com" WHERE 1;;60001;22274
2018.04.09_03:00:14;Egyéni: UPDATE szakd SET email="updatelt@gmail.com" WHERE 1;;60001;23071
2018.04.09_03:00:38;Egyéni: UPDATE szakd SET email="updatelt@gmail.com" WHERE 1;;60001;23502
2018.04.09_03:01:01;Egyéni: UPDATE szakd SET email="updatelt@gmail.com" WHERE 1;;60001;23224
2018.04.09_03:01:23;Egyéni: UPDATE szakd SET email="updatelt@gmail.com" WHERE 1;;60001;22389
2018.04.09_03:01:46;Egyéni: UPDATE szakd SET email="updatelt@gmail.com" WHERE 1;;60001;22960
2018.04.09_03:02:09;Egyéni: UPDATE szakd SET email="updatelt@gmail.com" WHERE 1;;60001;22341
2018.04.09_03:02:34;Egyéni: UPDATE szakd SET email="updatelt@gmail.com" WHERE 1;;60001;25047
2018.04.09_03:02:58;Egyéni: UPDATE szakd SET email="updatelt@gmail.com" WHERE 1;;60001;24032
2018.04.09_03:03:20;Egyéni: UPDATE szakd SET email="updatelt@gmail.com" WHERE 1;;60001;21616
2018.04.09_03:03:43;Egyéni: UPDATE szakd SET email="updatelt@gmail.com" WHERE 1;;60001;23561
2018.04.09_03:04:04;Egyéni: UPDATE szakd SET email="updatelt@gmail.com" WHERE 1;;60001;21208
2018.04.09_03:04:24;Egyéni: UPDATE szakd SET email="updatelt@gmail.com" WHERE 1;;60001;19543
2018.04.09_03:04:48;Egyéni: UPDATE szakd SET email="updatelt@gmail.com" WHERE 1;;60001;24409
2018.04.09_03:05:13;Egyéni: UPDATE szakd SET email="updatelt@gmail.com" WHERE 1;;60001;24551
2018.04.09_03:05:36;Egyéni: UPDATE szakd SET email="updatelt@gmail.com" WHERE 1;;60001;22741
2018.04.09_03:05:59;Egyéni: UPDATE szakd SET email="updatelt@gmail.com" WHERE 1;;60001;23253
2018.04.09_03:06:25;Egyéni: UPDATE szakd SET email="updatelt@gmail.com" WHERE 1;;60001;24485
2018.04.09_03:06:50;Egyéni: UPDATE szakd SET email="updatelt@gmail.com" WHERE 1;;60001;24657
2018.04.09_03:07:12;Egyéni: UPDATE szakd SET email="updatelt@gmail.com" WHERE 1;;60001;22302
2018.04.09_03:07:37;Egyéni: UPDATE szakd SET email="updatelt@gmail.com" WHERE 1;;60001;24529
2018.04.09_03:07:59;Egyéni: UPDATE szakd SET email="updatelt@gmail.com" WHERE 1;;60001;22736
2018.04.09_03:08:21;Egyéni: UPDATE szakd SET email="updatelt@gmail.com" WHERE 1;;60001;22076
2018.04.09_03:08:44;Egyéni: UPDATE szakd SET email="updatelt@gmail.com" WHERE 1;;60001;22689
2018.04.09_03:09:08;Egyéni: UPDATE szakd SET email="updatelt@gmail.com" WHERE 1;;60001;23510
2018.04.09_03:09:32;Egyéni: UPDATE szakd SET email="updatelt@gmail.com" WHERE 1;;60001;24720
2018.04.09_03:09:56;Egyéni: UPDATE szakd SET email="updatelt@gmail.com" WHERE 1;;60001;23701
2018.04.09_03:10:20;Egyéni: UPDATE szakd SET email="updatelt@gmail.com" WHERE 1;;60001;23952
2018.04.09_03:10:45;Egyéni: UPDATE szakd SET email="updatelt@gmail.com" WHERE 1;;60001;25540
2018.04.09_03:15:43;INSERT;10000;2217
2018.04.09_03:16:12;Egyéni: UPDATE szakd SET email="updatelt@gmail.com" WHERE 1;;70001;27336
2018.04.09_03:16:42;Egyéni: UPDATE szakd SET email="updatelt@gmail.com" WHERE 1;;70001;29325
2018.04.09_03:17:11;Egyéni: UPDATE szakd SET email="updatelt@gmail.com" WHERE 1;;70001;28966
2018.04.09_03:17:37;Egyéni: UPDATE szakd SET email="updatelt@gmail.com" WHERE 1;;70001;26741
2018.04.09_03:18:06;Egyéni: UPDATE szakd SET email="updatelt@gmail.com" WHERE 1;;70001;28598
2018.04.09_03:18:34;Egyéni: UPDATE szakd SET email="updatelt@gmail.com" WHERE 1;;70001;27797
2018.04.09_03:19:02;Egyéni: UPDATE szakd SET email="updatelt@gmail.com" WHERE 1;;70001;28769
2018.04.09_03:19:32;Egyéni: UPDATE szakd SET email="updatelt@gmail.com" WHERE 1;;70001;29567
2018.04.09_03:19:59;Egyéni: UPDATE szakd SET email="updatelt@gmail.com" WHERE 1;;70001;26517
2018.04.09_03:20:24;Egyéni: UPDATE szakd SET email="updatelt@gmail.com" WHERE 1;;70001;25345
2018.04.09_03:20:49;Egyéni: UPDATE szakd SET email="updatelt@gmail.com" WHERE 1;;70001;25469
2018.04.09_03:21:18;Egyéni: UPDATE szakd SET email="updatelt@gmail.com" WHERE 1;;70001;28465
2018.04.09_03:21:46;Egyéni: UPDATE szakd SET email="updatelt@gmail.com" WHERE 1;;70001;28401
2018.04.09_03:22:13;Egyéni: UPDATE szakd SET email="updatelt@gmail.com" WHERE 1;;70001;27039
2018.04.09_03:22:43;Egyéni: UPDATE szakd SET email="updatelt@gmail.com" WHERE 1;;70001;28516
2018.04.09_03:23:13;Egyéni: UPDATE szakd SET email="updatelt@gmail.com" WHERE 1;;70001;30295
2018.04.09_03:23:41;Egyéni: UPDATE szakd SET email="updatelt@gmail.com" WHERE 1;;70001;27964
2018.04.09_03:24:09;Egyéni: UPDATE szakd SET email="updatelt@gmail.com" WHERE 1;;70001;28076
2018.04.09_03:24:36;Egyéni: UPDATE szakd SET email="updatelt@gmail.com" WHERE 1;;70001;26422
2018.04.09_03:25:05;Egyéni: UPDATE szakd SET email="updatelt@gmail.com" WHERE 1;;70001;29623
2018.04.09_03:25:33;Egyéni: UPDATE szakd SET email="updatelt@gmail.com" WHERE 1;;70001;27333
2018.04.09_03:26:01;Egyéni: UPDATE szakd SET email="updatelt@gmail.com" WHERE 1;;70001;28158
2018.04.09_03:26:28;Egyéni: UPDATE szakd SET email="updatelt@gmail.com" WHERE 1;;70001;26962
2018.04.09_03:26:54;Egyéni: UPDATE szakd SET email="updatelt@gmail.com" WHERE 1;;70001;26524
2018.04.09_03:27:22;Egyéni: UPDATE szakd SET email="updatelt@gmail.com" WHERE 1;;70001;27880
2018.04.09_03:27:48;Egyéni: UPDATE szakd SET email="updatelt@gmail.com" WHERE 1;;70001;25866
2018.04.09_03:28:17;Egyéni: UPDATE szakd SET email="updatelt@gmail.com" WHERE 1;;70001;28900
2018.04.09_03:28:44;Egyéni: UPDATE szakd SET email="updatelt@gmail.com" WHERE 1;;70001;27317
2018.04.09_03:29:11;Egyéni: UPDATE szakd SET email="updatelt@gmail.com" WHERE 1;;70001;26914
2018.04.09_03:29:40;Egyéni: UPDATE szakd SET email="updatelt@gmail.com" WHERE 1;;70001;28723
2018.04.09_03:30:06;Egyéni: UPDATE szakd SET email="updatelt@gmail.com" WHERE 1;;70001;26642
2018.04.09_03:30:34;Egyéni: UPDATE szakd SET email="updatelt@gmail.com" WHERE 1;;70001;26348
2018.04.09_03:31:00;Egyéni: UPDATE szakd SET email="updatelt@gmail.com" WHERE 1;;70001;26385
2018.04.09_03:31:28;Egyéni: UPDATE szakd SET email="updatelt@gmail.com" WHERE 1;;70001;28095
2018.04.09_03:31:54;Egyéni: UPDATE szakd SET email="updatelt@gmail.com" WHERE 1;;70001;25938
2018.04.09_03:32:21;Egyéni: UPDATE szakd SET email="updatelt@gmail.com" WHERE 1;;70001;26672
2018.04.09_03:32:48;Egyéni: UPDATE szakd SET email="updatelt@gmail.com" WHERE 1;;70001;26586
2018.04.09_03:33:17;Egyéni: UPDATE szakd SET email="updatelt@gmail.com" WHERE 1;;70001;28951
2018.04.09_03:33:45;Egyéni: UPDATE szakd SET email="updatelt@gmail.com" WHERE 1;;70001;28313
2018.04.09_03:34:13;Egyéni: UPDATE szakd SET email="updatelt@gmail.com" WHERE 1;;70001;28442
2018.04.09_03:34:39;Egyéni: UPDATE szakd SET email="updatelt@gmail.com" WHERE 1;;70001;26064
2018.04.09_03:35:07;Egyéni: UPDATE szakd SET email="updatelt@gmail.com" WHERE 1;;70001;28126
2018.04.09_03:35:37;Egyéni: UPDATE szakd SET email="updatelt@gmail.com" WHERE 1;;70001;29657
2018.04.09_03:36:03;Egyéni: UPDATE szakd SET email="updatelt@gmail.com" WHERE 1;;70001;25643
2018.04.09_03:36:30;Egyéni: UPDATE szakd SET email="updatelt@gmail.com" WHERE 1;;70001;26966
2018.04.09_03:36:57;Egyéni: UPDATE szakd SET email="updatelt@gmail.com" WHERE 1;;70001;27028
2018.04.09_03:37:24;Egyéni: UPDATE szakd SET email="updatelt@gmail.com" WHERE 1;;70001;27310
2018.04.09_03:37:52;Egyéni: UPDATE szakd SET email="updatelt@gmail.com" WHERE 1;;70001;27855
2018.04.09_03:38:17;Egyéni: UPDATE szakd SET email="updatelt@gmail.com" WHERE 1;;70001;25218
2018.04.09_03:38:44;Egyéni: UPDATE szakd SET email="updatelt@gmail.com" WHERE 1;;70001;27027
2018.04.09_03:39:13;Egyéni: UPDATE szakd SET email="updatelt@gmail.com" WHERE 1;;70001;28593
2018.04.09_03:39:45;Egyéni: UPDATE szakd SET email="updatelt@gmail.com" WHERE 1;;70001;32314
2018.04.09_03:40:13;Egyéni: UPDATE szakd SET email="updatelt@gmail.com" WHERE 1;;70001;27505
2018.04.09_03:40:38;Egyéni: UPDATE szakd SET email="updatelt@gmail.com" WHERE 1;;70001;25914
2018.04.09_03:41:06;Egyéni: UPDATE szakd SET email="updatelt@gmail.com" WHERE 1;;70001;27971
2018.04.09_03:41:33;Egyéni: UPDATE szakd SET email="updatelt@gmail.com" WHERE 1;;70001;26516
2018.04.09_03:42:01;Egyéni: UPDATE szakd SET email="updatelt@gmail.com" WHERE 1;;70001;27675
2018.04.09_03:42:27;Egyéni: UPDATE szakd SET email="updatelt@gmail.com" WHERE 1;;70001;26483
2018.04.09_03:42:52;Egyéni: UPDATE szakd SET email="updatelt@gmail.com" WHERE 1;;70001;24592
2018.04.09_03:43:18;Egyéni: UPDATE szakd SET email="updatelt@gmail.com" WHERE 1;;70001;26402
2018.04.09_03:43:46;Egyéni: UPDATE szakd SET email="updatelt@gmail.com" WHERE 1;;70001;27720
2018.04.09_03:44:15;Egyéni: UPDATE szakd SET email="updatelt@gmail.com" WHERE 1;;70001;29409
2018.04.09_03:44:44;Egyéni: UPDATE szakd SET email="updatelt@gmail.com" WHERE 1;;70001;28591
2018.04.09_03:45:11;Egyéni: UPDATE szakd SET email="updatelt@gmail.com" WHERE 1;;70001;27612
2018.04.09_03:45:39;Egyéni: UPDATE szakd SET email="updatelt@gmail.com" WHERE 1;;70001;27591
2018.04.09_03:46:06;Egyéni: UPDATE szakd SET email="updatelt@gmail.com" WHERE 1;;70001;27218
2018.04.09_03:46:36;Egyéni: UPDATE szakd SET email="updatelt@gmail.com" WHERE 1;;70001;29334
2018.04.09_03:46:59;Egyéni: UPDATE szakd SET email="updatelt@gmail.com" WHERE 1;;70001;23507
2018.04.09_03:47:25;Egyéni: UPDATE szakd SET email="updatelt@gmail.com" WHERE 1;;70001;25609
2018.04.09_03:47:52;Egyéni: UPDATE szakd SET email="updatelt@gmail.com" WHERE 1;;70001;27707
2018.04.09_03:48:19;Egyéni: UPDATE szakd SET email="updatelt@gmail.com" WHERE 1;;70001;26680
2018.04.09_03:48:47;Egyéni: UPDATE szakd SET email="updatelt@gmail.com" WHERE 1;;70001;28219
2018.04.09_03:49:16;Egyéni: UPDATE szakd SET email="updatelt@gmail.com" WHERE 1;;70001;28220
2018.04.09_03:49:43;Egyéni: UPDATE szakd SET email="updatelt@gmail.com" WHERE 1;;70001;27688
2018.04.09_03:50:11;Egyéni: UPDATE szakd SET email="updatelt@gmail.com" WHERE 1;;70001;27423
2018.04.09_03:50:39;Egyéni: UPDATE szakd SET email="updatelt@gmail.com" WHERE 1;;70001;28495
2018.04.09_03:51:06;Egyéni: UPDATE szakd SET email="updatelt@gmail.com" WHERE 1;;70001;26658
2018.04.09_03:51:35;Egyéni: UPDATE szakd SET email="updatelt@gmail.com" WHERE 1;;70001;29039
2018.04.09_03:52:03;Egyéni: UPDATE szakd SET email="updatelt@gmail.com" WHERE 1;;70001;28561
2018.04.09_03:52:30;Egyéni: UPDATE szakd SET email="updatelt@gmail.com" WHERE 1;;70001;26647
2018.04.09_03:52:57;Egyéni: UPDATE szakd SET email="updatelt@gmail.com" WHERE 1;;70001;27351
2018.04.09_03:53:22;Egyéni: UPDATE szakd SET email="updatelt@gmail.com" WHERE 1;;70001;24608
2018.04.09_03:53:50;Egyéni: UPDATE szakd SET email="updatelt@gmail.com" WHERE 1;;70001;28242
2018.04.09_03:54:17;Egyéni: UPDATE szakd SET email="updatelt@gmail.com" WHERE 1;;70001;26409
2018.04.09_03:54:44;Egyéni: UPDATE szakd SET email="updatelt@gmail.com" WHERE 1;;70001;26918
2018.04.09_03:55:10;Egyéni: UPDATE szakd SET email="updatelt@gmail.com" WHERE 1;;70001;26767
2018.04.09_03:55:36;Egyéni: UPDATE szakd SET email="updatelt@gmail.com" WHERE 1;;70001;25363
2018.04.09_03:56:03;Egyéni: UPDATE szakd SET email="updatelt@gmail.com" WHERE 1;;70001;27316
2018.04.09_03:56:32;Egyéni: UPDATE szakd SET email="updatelt@gmail.com" WHERE 1;;70001;28946
2018.04.09_03:56:59;Egyéni: UPDATE szakd SET email="updatelt@gmail.com" WHERE 1;;70001;27161
2018.04.09_03:57:25;Egyéni: UPDATE szakd SET email="updatelt@gmail.com" WHERE 1;;70001;25627
2018.04.09_03:57:53;Egyéni: UPDATE szakd SET email="updatelt@gmail.com" WHERE 1;;70001;27812
2018.04.09_03:58:19;Egyéni: UPDATE szakd SET email="updatelt@gmail.com" WHERE 1;;70001;26742
2018.04.09_03:58:48;Egyéni: UPDATE szakd SET email="updatelt@gmail.com" WHERE 1;;70001;28231
2018.04.09_03:59:17;Egyéni: UPDATE szakd SET email="updatelt@gmail.com" WHERE 1;;70001;29399
2018.04.09_03:59:44;Egyéni: UPDATE szakd SET email="updatelt@gmail.com" WHERE 1;;70001;27181
2018.04.09_04:00:11;Egyéni: UPDATE szakd SET email="updatelt@gmail.com" WHERE 1;;70001;26630
2018.04.09_04:00:40;Egyéni: UPDATE szakd SET email="updatelt@gmail.com" WHERE 1;;70001;28913
2018.04.09_04:01:07;Egyéni: UPDATE szakd SET email="updatelt@gmail.com" WHERE 1;;70001;26863
2018.04.09_04:01:33;Egyéni: UPDATE szakd SET email="updatelt@gmail.com" WHERE 1;;70001;26560
2018.04.09_07:05:38;INSERT;10000;1171
2018.04.09_07:06:13;UPDATE;80001;29504
2018.04.09_07:40:21;INSERT;10000;1921
2018.04.09_07:40:59;Egyéni: UPDATE szakd SET email="updatelt@gmail.com" WHERE 1;;90001;34574
2018.04.09_07:41:33;Egyéni: UPDATE szakd SET email="updatelt@gmail.com" WHERE 1;;90001;34194
2018.04.09_07:42:09;Egyéni: UPDATE szakd SET email="updatelt@gmail.com" WHERE 1;;90001;36462
2018.04.09_07:42:44;Egyéni: UPDATE szakd SET email="updatelt@gmail.com" WHERE 1;;90001;34640
2018.04.09_07:43:21;Egyéni: UPDATE szakd SET email="updatelt@gmail.com" WHERE 1;;90001;36630
2018.04.09_07:43:57;Egyéni: UPDATE szakd SET email="updatelt@gmail.com" WHERE 1;;90001;36023
2018.04.09_07:44:35;Egyéni: UPDATE szakd SET email="updatelt@gmail.com" WHERE 1;;90001;38481
2018.04.09_07:45:10;Egyéni: UPDATE szakd SET email="updatelt@gmail.com" WHERE 1;;90001;35133
2018.04.09_07:45:45;Egyéni: UPDATE szakd SET email="updatelt@gmail.com" WHERE 1;;90001;34945
2018.04.09_07:46:25;Egyéni: UPDATE szakd SET email="updatelt@gmail.com" WHERE 1;;90001;39963
2018.04.09_07:47:01;Egyéni: UPDATE szakd SET email="updatelt@gmail.com" WHERE 1;;90001;35775
2018.04.09_07:47:35;Egyéni: UPDATE szakd SET email="updatelt@gmail.com" WHERE 1;;90001;34596
2018.04.09_07:48:14;Egyéni: UPDATE szakd SET email="updatelt@gmail.com" WHERE 1;;90001;38539
2018.04.09_07:48:50;Egyéni: UPDATE szakd SET email="updatelt@gmail.com" WHERE 1;;90001;35971
2018.04.09_07:49:23;Egyéni: UPDATE szakd SET email="updatelt@gmail.com" WHERE 1;;90001;33031
2018.04.09_07:49:59;Egyéni: UPDATE szakd SET email="updatelt@gmail.com" WHERE 1;;90001;36113
2018.04.09_07:50:36;Egyéni: UPDATE szakd SET email="updatelt@gmail.com" WHERE 1;;90001;37156
2018.04.09_07:51:11;Egyéni: UPDATE szakd SET email="updatelt@gmail.com" WHERE 1;;90001;34802
2018.04.09_07:51:45;Egyéni: UPDATE szakd SET email="updatelt@gmail.com" WHERE 1;;90001;33576
2018.04.09_07:52:21;Egyéni: UPDATE szakd SET email="updatelt@gmail.com" WHERE 1;;90001;36369
2018.04.09_07:52:56;Egyéni: UPDATE szakd SET email="updatelt@gmail.com" WHERE 1;;90001;34733
2018.04.09_07:53:30;Egyéni: UPDATE szakd SET email="updatelt@gmail.com" WHERE 1;;90001;33933
2018.04.09_07:54:06;Egyéni: UPDATE szakd SET email="updatelt@gmail.com" WHERE 1;;90001;36386
2018.04.09_07:54:42;Egyéni: UPDATE szakd SET email="updatelt@gmail.com" WHERE 1;;90001;36041
2018.04.09_07:55:15;Egyéni: UPDATE szakd SET email="updatelt@gmail.com" WHERE 1;;90001;33162
2018.04.09_07:55:52;Egyéni: UPDATE szakd SET email="updatelt@gmail.com" WHERE 1;;90001;36831
2018.04.09_07:56:30;Egyéni: UPDATE szakd SET email="updatelt@gmail.com" WHERE 1;;90001;37580
2018.04.09_07:57:04;Egyéni: UPDATE szakd SET email="updatelt@gmail.com" WHERE 1;;90001;34375
2018.04.09_07:57:38;Egyéni: UPDATE szakd SET email="updatelt@gmail.com" WHERE 1;;90001;33926
2018.04.09_07:58:18;Egyéni: UPDATE szakd SET email="updatelt@gmail.com" WHERE 1;;90001;39553
2018.04.09_07:58:54;Egyéni: UPDATE szakd SET email="updatelt@gmail.com" WHERE 1;;90001;36135
2018.04.09_07:59:28;Egyéni: UPDATE szakd SET email="updatelt@gmail.com" WHERE 1;;90001;34609
2018.04.09_08:00:05;Egyéni: UPDATE szakd SET email="updatelt@gmail.com" WHERE 1;;90001;36552
2018.04.09_08:00:44;Egyéni: UPDATE szakd SET email="updatelt@gmail.com" WHERE 1;;90001;38894
2018.04.09_08:01:18;Egyéni: UPDATE szakd SET email="updatelt@gmail.com" WHERE 1;;90001;34048
2018.04.09_08:01:51;Egyéni: UPDATE szakd SET email="updatelt@gmail.com" WHERE 1;;90001;33306
2018.04.09_08:02:31;Egyéni: UPDATE szakd SET email="updatelt@gmail.com" WHERE 1;;90001;39718
2018.04.09_08:03:06;Egyéni: UPDATE szakd SET email="updatelt@gmail.com" WHERE 1;;90001;34799
2018.04.09_08:03:35;Egyéni: UPDATE szakd SET email="updatelt@gmail.com" WHERE 1;;90001;28883
2018.04.09_08:04:08;Egyéni: UPDATE szakd SET email="updatelt@gmail.com" WHERE 1;;90001;33445
2018.04.09_08:04:44;Egyéni: UPDATE szakd SET email="updatelt@gmail.com" WHERE 1;;90001;36106
2018.04.09_08:05:20;Egyéni: UPDATE szakd SET email="updatelt@gmail.com" WHERE 1;;90001;35436
2018.04.09_08:05:54;Egyéni: UPDATE szakd SET email="updatelt@gmail.com" WHERE 1;;90001;34561
2018.04.09_08:06:29;Egyéni: UPDATE szakd SET email="updatelt@gmail.com" WHERE 1;;90001;35188
2018.04.09_08:07:04;Egyéni: UPDATE szakd SET email="updatelt@gmail.com" WHERE 1;;90001;35043
2018.04.09_08:07:40;Egyéni: UPDATE szakd SET email="updatelt@gmail.com" WHERE 1;;90001;35707
2018.04.09_08:08:14;Egyéni: UPDATE szakd SET email="updatelt@gmail.com" WHERE 1;;90001;34264
2018.04.09_08:08:52;Egyéni: UPDATE szakd SET email="updatelt@gmail.com" WHERE 1;;90001;37386
2018.04.09_08:09:25;Egyéni: UPDATE szakd SET email="updatelt@gmail.com" WHERE 1;;90001;32835
2018.04.09_08:09:57;Egyéni: UPDATE szakd SET email="updatelt@gmail.com" WHERE 1;;90001;32336
2018.04.09_08:10:33;Egyéni: UPDATE szakd SET email="updatelt@gmail.com" WHERE 1;;90001;36151
2018.04.09_08:11:11;Egyéni: UPDATE szakd SET email="updatelt@gmail.com" WHERE 1;;90001;38128
2018.04.09_08:11:48;Egyéni: UPDATE szakd SET email="updatelt@gmail.com" WHERE 1;;90001;36468
2018.04.09_08:12:23;Egyéni: UPDATE szakd SET email="updatelt@gmail.com" WHERE 1;;90001;35272
2018.04.09_08:13:01;Egyéni: UPDATE szakd SET email="updatelt@gmail.com" WHERE 1;;90001;38481
2018.04.09_08:13:35;Egyéni: UPDATE szakd SET email="updatelt@gmail.com" WHERE 1;;90001;33716
2018.04.09_08:14:11;Egyéni: UPDATE szakd SET email="updatelt@gmail.com" WHERE 1;;90001;36156
2018.04.09_08:14:49;Egyéni: UPDATE szakd SET email="updatelt@gmail.com" WHERE 1;;90001;37415
2018.04.09_08:15:24;Egyéni: UPDATE szakd SET email="updatelt@gmail.com" WHERE 1;;90001;34914
2018.04.09_08:16:01;Egyéni: UPDATE szakd SET email="updatelt@gmail.com" WHERE 1;;90001;36953
2018.04.09_08:16:39;Egyéni: UPDATE szakd SET email="updatelt@gmail.com" WHERE 1;;90001;38227
2018.04.09_08:17:15;Egyéni: UPDATE szakd SET email="updatelt@gmail.com" WHERE 1;;90001;35983
2018.04.09_08:17:50;Egyéni: UPDATE szakd SET email="updatelt@gmail.com" WHERE 1;;90001;35005
2018.04.09_08:18:26;Egyéni: UPDATE szakd SET email="updatelt@gmail.com" WHERE 1;;90001;36028
2018.04.09_08:19:04;Egyéni: UPDATE szakd SET email="updatelt@gmail.com" WHERE 1;;90001;37893
2018.04.09_08:19:39;Egyéni: UPDATE szakd SET email="updatelt@gmail.com" WHERE 1;;90001;35211
2018.04.09_08:20:14;Egyéni: UPDATE szakd SET email="updatelt@gmail.com" WHERE 1;;90001;34917
2018.04.09_08:20:51;Egyéni: UPDATE szakd SET email="updatelt@gmail.com" WHERE 1;;90001;37056
2018.04.09_08:21:28;Egyéni: UPDATE szakd SET email="updatelt@gmail.com" WHERE 1;;90001;36979
2018.04.09_08:22:03;Egyéni: UPDATE szakd SET email="updatelt@gmail.com" WHERE 1;;90001;34861
2018.04.09_08:22:39;Egyéni: UPDATE szakd SET email="updatelt@gmail.com" WHERE 1;;90001;36185
2018.04.09_08:23:15;Egyéni: UPDATE szakd SET email="updatelt@gmail.com" WHERE 1;;90001;35638
2018.04.09_08:23:51;Egyéni: UPDATE szakd SET email="updatelt@gmail.com" WHERE 1;;90001;36177
2018.04.09_08:24:26;Egyéni: UPDATE szakd SET email="updatelt@gmail.com" WHERE 1;;90001;35638
2018.04.09_08:25:04;Egyéni: UPDATE szakd SET email="updatelt@gmail.com" WHERE 1;;90001;37478
2018.04.09_08:25:41;Egyéni: UPDATE szakd SET email="updatelt@gmail.com" WHERE 1;;90001;37341
2018.04.09_08:26:19;Egyéni: UPDATE szakd SET email="updatelt@gmail.com" WHERE 1;;90001;38052
2018.04.09_08:26:57;Egyéni: UPDATE szakd SET email="updatelt@gmail.com" WHERE 1;;90001;38091
2018.04.09_08:27:33;Egyéni: UPDATE szakd SET email="updatelt@gmail.com" WHERE 1;;90001;35996
2018.04.09_08:28:09;Egyéni: UPDATE szakd SET email="updatelt@gmail.com" WHERE 1;;90001;35366
2018.04.09_08:28:44;Egyéni: UPDATE szakd SET email="updatelt@gmail.com" WHERE 1;;90001;34890
2018.04.09_08:29:24;Egyéni: UPDATE szakd SET email="updatelt@gmail.com" WHERE 1;;90001;40093
2018.04.09_08:29:58;Egyéni: UPDATE szakd SET email="updatelt@gmail.com" WHERE 1;;90001;34276
2018.04.09_08:30:33;Egyéni: UPDATE szakd SET email="updatelt@gmail.com" WHERE 1;;90001;35382
2018.04.09_08:31:11;Egyéni: UPDATE szakd SET email="updatelt@gmail.com" WHERE 1;;90001;37245
2018.04.09_08:31:44;Egyéni: UPDATE szakd SET email="updatelt@gmail.com" WHERE 1;;90001;33244
2018.04.09_08:32:14;Egyéni: UPDATE szakd SET email="updatelt@gmail.com" WHERE 1;;90001;30353
2018.04.09_08:32:45;Egyéni: UPDATE szakd SET email="updatelt@gmail.com" WHERE 1;;90001;30599
2018.04.09_08:33:23;Egyéni: UPDATE szakd SET email="updatelt@gmail.com" WHERE 1;;90001;38424
2018.04.09_08:33:58;Egyéni: UPDATE szakd SET email="updatelt@gmail.com" WHERE 1;;90001;35110
2018.04.09_08:34:34;Egyéni: UPDATE szakd SET email="updatelt@gmail.com" WHERE 1;;90001;35346
2018.04.09_08:35:12;Egyéni: UPDATE szakd SET email="updatelt@gmail.com" WHERE 1;;90001;38490
2018.04.09_08:35:48;Egyéni: UPDATE szakd SET email="updatelt@gmail.com" WHERE 1;;90001;35802
2018.04.09_08:36:25;Egyéni: UPDATE szakd SET email="updatelt@gmail.com" WHERE 1;;90001;37068
2018.04.09_08:37:03;Egyéni: UPDATE szakd SET email="updatelt@gmail.com" WHERE 1;;90001;37548
2018.04.09_08:37:37;Egyéni: UPDATE szakd SET email="updatelt@gmail.com" WHERE 1;;90001;34120
2018.04.09_08:38:14;Egyéni: UPDATE szakd SET email="updatelt@gmail.com" WHERE 1;;90001;37253
2018.04.09_08:38:48;Egyéni: UPDATE szakd SET email="updatelt@gmail.com" WHERE 1;;90001;34069
2018.04.09_08:39:23;Egyéni: UPDATE szakd SET email="updatelt@gmail.com" WHERE 1;;90001;35180
2018.04.09_08:39:59;Egyéni: UPDATE szakd SET email="updatelt@gmail.com" WHERE 1;;90001;36073
2018.04.09_09:31:36;INSERT;10000;1831
2018.04.09_09:32:16;Egyéni: UPDATE szakd SET email="updatelt@gmail.com" WHERE 1;;100001;38303
2018.04.09_09:32:58;Egyéni: UPDATE szakd SET email="updatelt@gmail.com" WHERE 1;;100001;41467
2018.04.09_09:33:39;Egyéni: UPDATE szakd SET email="updatelt@gmail.com" WHERE 1;;100001;41346
2018.04.09_09:34:19;Egyéni: UPDATE szakd SET email="updatelt@gmail.com" WHERE 1;;100001;38715
2018.04.09_09:34:59;Egyéni: UPDATE szakd SET email="updatelt@gmail.com" WHERE 1;;100001;40385
2018.04.09_09:35:43;Egyéni: UPDATE szakd SET email="updatelt@gmail.com" WHERE 1;;100001;43825
2018.04.09_09:36:24;Egyéni: UPDATE szakd SET email="updatelt@gmail.com" WHERE 1;;100001;40426
2018.04.09_09:37:04;Egyéni: UPDATE szakd SET email="updatelt@gmail.com" WHERE 1;;100001;40172
2018.04.09_09:37:46;Egyéni: UPDATE szakd SET email="updatelt@gmail.com" WHERE 1;;100001;41955
2018.04.09_09:38:27;Egyéni: UPDATE szakd SET email="updatelt@gmail.com" WHERE 1;;100001;41202
2018.04.09_09:39:07;Egyéni: UPDATE szakd SET email="updatelt@gmail.com" WHERE 1;;100001;39655
2018.04.09_09:39:47;Egyéni: UPDATE szakd SET email="updatelt@gmail.com" WHERE 1;;100001;40066
2018.04.09_09:40:31;Egyéni: UPDATE szakd SET email="updatelt@gmail.com" WHERE 1;;100001;43866
2018.04.09_09:41:17;Egyéni: UPDATE szakd SET email="updatelt@gmail.com" WHERE 1;;100001;46645
2018.04.09_09:42:01;Egyéni: UPDATE szakd SET email="updatelt@gmail.com" WHERE 1;;100001;44149
2018.04.09_09:42:41;Egyéni: UPDATE szakd SET email="updatelt@gmail.com" WHERE 1;;100001;39848
2018.04.09_09:43:21;Egyéni: UPDATE szakd SET email="updatelt@gmail.com" WHERE 1;;100001;39752
2018.04.09_09:44:05;Egyéni: UPDATE szakd SET email="updatelt@gmail.com" WHERE 1;;100001;43833
2018.04.09_09:44:44;Egyéni: UPDATE szakd SET email="updatelt@gmail.com" WHERE 1;;100001;39219
2018.04.09_09:45:24;Egyéni: UPDATE szakd SET email="updatelt@gmail.com" WHERE 1;;100001;39571
2018.04.09_09:46:09;Egyéni: UPDATE szakd SET email="updatelt@gmail.com" WHERE 1;;100001;45801
2018.04.09_09:46:51;Egyéni: UPDATE szakd SET email="updatelt@gmail.com" WHERE 1;;100001;41191
2018.04.09_09:47:29;Egyéni: UPDATE szakd SET email="updatelt@gmail.com" WHERE 1;;100001;38535
2018.04.09_09:48:14;Egyéni: UPDATE szakd SET email="updatelt@gmail.com" WHERE 1;;100001;45087
2018.04.09_09:48:56;Egyéni: UPDATE szakd SET email="updatelt@gmail.com" WHERE 1;;100001;41983
2018.04.09_09:49:54;Egyéni: UPDATE szakd SET email="updatelt@gmail.com" WHERE 1;;100001;57648
2018.04.09_09:50:49;Egyéni: UPDATE szakd SET email="updatelt@gmail.com" WHERE 1;;100001;54947
2018.04.09_09:51:45;Egyéni: UPDATE szakd SET email="updatelt@gmail.com" WHERE 1;;100001;56458
2018.04.09_09:52:29;Egyéni: UPDATE szakd SET email="updatelt@gmail.com" WHERE 1;;100001;44065
2018.04.09_09:53:14;Egyéni: UPDATE szakd SET email="updatelt@gmail.com" WHERE 1;;100001;44661
2018.04.09_09:54:05;Egyéni: UPDATE szakd SET email="updatelt@gmail.com" WHERE 1;;100001;51304
2018.04.09_09:54:49;Egyéni: UPDATE szakd SET email="updatelt@gmail.com" WHERE 1;;100001;43627
2018.04.09_09:55:30;Egyéni: UPDATE szakd SET email="updatelt@gmail.com" WHERE 1;;100001;40624
2018.04.09_09:56:06;Egyéni: UPDATE szakd SET email="updatelt@gmail.com" WHERE 1;;100001;36463
2018.04.09_09:56:46;Egyéni: UPDATE szakd SET email="updatelt@gmail.com" WHERE 1;;100001;40064
2018.04.09_09:57:25;Egyéni: UPDATE szakd SET email="updatelt@gmail.com" WHERE 1;;100001;38549
2018.04.09_09:58:08;Egyéni: UPDATE szakd SET email="updatelt@gmail.com" WHERE 1;;100001;43520
2018.04.09_09:58:47;Egyéni: UPDATE szakd SET email="updatelt@gmail.com" WHERE 1;;100001;38820
2018.04.09_09:59:26;Egyéni: UPDATE szakd SET email="updatelt@gmail.com" WHERE 1;;100001;39191
2018.04.09_10:00:10;Egyéni: UPDATE szakd SET email="updatelt@gmail.com" WHERE 1;;100001;43372
2018.04.09_10:00:53;Egyéni: UPDATE szakd SET email="updatelt@gmail.com" WHERE 1;;100001;43189
2018.04.09_10:01:31;Egyéni: UPDATE szakd SET email="updatelt@gmail.com" WHERE 1;;100001;37897
2018.04.09_10:02:09;Egyéni: UPDATE szakd SET email="updatelt@gmail.com" WHERE 1;;100001;38036
2018.04.09_10:02:46;Egyéni: UPDATE szakd SET email="updatelt@gmail.com" WHERE 1;;100001;37247
2018.04.09_10:03:23;Egyéni: UPDATE szakd SET email="updatelt@gmail.com" WHERE 1;;100001;36909
2018.04.09_10:04:04;Egyéni: UPDATE szakd SET email="updatelt@gmail.com" WHERE 1;;100001;38958
2018.04.09_10:04:50;Egyéni: UPDATE szakd SET email="updatelt@gmail.com" WHERE 1;;100001;45665
2018.04.09_10:05:33;Egyéni: UPDATE szakd SET email="updatelt@gmail.com" WHERE 1;;100001;43044
2018.04.09_10:06:17;Egyéni: UPDATE szakd SET email="updatelt@gmail.com" WHERE 1;;100001;44687
2018.04.09_10:07:00;Egyéni: UPDATE szakd SET email="updatelt@gmail.com" WHERE 1;;100001;42942
2018.04.09_10:07:40;Egyéni: UPDATE szakd SET email="updatelt@gmail.com" WHERE 1;;100001;39655
2018.04.09_10:08:20;Egyéni: UPDATE szakd SET email="updatelt@gmail.com" WHERE 1;;100001;39991
2018.04.09_10:09:03;Egyéni: UPDATE szakd SET email="updatelt@gmail.com" WHERE 1;;100001;42753
2018.04.09_10:09:39;Egyéni: UPDATE szakd SET email="updatelt@gmail.com" WHERE 1;;100001;36506
2018.04.09_10:10:17;Egyéni: UPDATE szakd SET email="updatelt@gmail.com" WHERE 1;;100001;37618
2018.04.09_10:10:59;Egyéni: UPDATE szakd SET email="updatelt@gmail.com" WHERE 1;;100001;41666
2018.04.09_10:11:35;Egyéni: UPDATE szakd SET email="updatelt@gmail.com" WHERE 1;;100001;36519
2018.04.09_10:12:13;Egyéni: UPDATE szakd SET email="updatelt@gmail.com" WHERE 1;;100001;38041
2018.04.09_10:12:58;Egyéni: UPDATE szakd SET email="updatelt@gmail.com" WHERE 1;;100001;44555
2018.04.09_10:13:36;Egyéni: UPDATE szakd SET email="updatelt@gmail.com" WHERE 1;;100001;38319
2018.04.09_10:14:17;Egyéni: UPDATE szakd SET email="updatelt@gmail.com" WHERE 1;;100001;41362
2018.04.09_10:14:58;Egyéni: UPDATE szakd SET email="updatelt@gmail.com" WHERE 1;;100001;40152
2018.04.09_10:15:38;Egyéni: UPDATE szakd SET email="updatelt@gmail.com" WHERE 1;;100001;40007
2018.04.09_10:16:23;Egyéni: UPDATE szakd SET email="updatelt@gmail.com" WHERE 1;;100001;45211
2018.04.09_10:17:06;Egyéni: UPDATE szakd SET email="updatelt@gmail.com" WHERE 1;;100001;43178
2018.04.09_10:17:48;Egyéni: UPDATE szakd SET email="updatelt@gmail.com" WHERE 1;;100001;41653
2018.04.09_10:18:25;Egyéni: UPDATE szakd SET email="updatelt@gmail.com" WHERE 1;;100001;37473
2018.04.09_10:19:12;Egyéni: UPDATE szakd SET email="updatelt@gmail.com" WHERE 1;;100001;46904
2018.04.09_10:19:48;Egyéni: UPDATE szakd SET email="updatelt@gmail.com" WHERE 1;;100001;36254
2018.04.09_10:20:28;Egyéni: UPDATE szakd SET email="updatelt@gmail.com" WHERE 1;;100001;39516
2018.04.09_10:21:11;Egyéni: UPDATE szakd SET email="updatelt@gmail.com" WHERE 1;;100001;43469
2018.04.09_10:21:52;Egyéni: UPDATE szakd SET email="updatelt@gmail.com" WHERE 1;;100001;40960
2018.04.09_10:22:30;Egyéni: UPDATE szakd SET email="updatelt@gmail.com" WHERE 1;;100001;37851
2018.04.09_10:23:15;Egyéni: UPDATE szakd SET email="updatelt@gmail.com" WHERE 1;;100001;45101
2018.04.09_10:23:53;Egyéni: UPDATE szakd SET email="updatelt@gmail.com" WHERE 1;;100001;38005
2018.04.09_10:24:32;Egyéni: UPDATE szakd SET email="updatelt@gmail.com" WHERE 1;;100001;38819
2018.04.09_10:25:15;Egyéni: UPDATE szakd SET email="updatelt@gmail.com" WHERE 1;;100001;43163
2018.04.09_10:25:48;Egyéni: UPDATE szakd SET email="updatelt@gmail.com" WHERE 1;;100001;32387
2018.04.09_10:26:20;Egyéni: UPDATE szakd SET email="updatelt@gmail.com" WHERE 1;;100001;32634
2018.04.09_10:27:00;Egyéni: UPDATE szakd SET email="updatelt@gmail.com" WHERE 1;;100001;39985
2018.04.09_10:27:38;Egyéni: UPDATE szakd SET email="updatelt@gmail.com" WHERE 1;;100001;37379
2018.04.09_10:28:14;Egyéni: UPDATE szakd SET email="updatelt@gmail.com" WHERE 1;;100001;36433
2018.04.09_10:28:54;Egyéni: UPDATE szakd SET email="updatelt@gmail.com" WHERE 1;;100001;39680
2018.04.09_10:29:33;Egyéni: UPDATE szakd SET email="updatelt@gmail.com" WHERE 1;;100001;39104
2018.04.09_10:30:11;Egyéni: UPDATE szakd SET email="updatelt@gmail.com" WHERE 1;;100001;37984
2018.04.09_10:30:52;Egyéni: UPDATE szakd SET email="updatelt@gmail.com" WHERE 1;;100001;41262
2018.04.09_10:31:31;Egyéni: UPDATE szakd SET email="updatelt@gmail.com" WHERE 1;;100001;38499
2018.04.09_10:32:09;Egyéni: UPDATE szakd SET email="updatelt@gmail.com" WHERE 1;;100001;38475
2018.04.09_10:32:49;Egyéni: UPDATE szakd SET email="updatelt@gmail.com" WHERE 1;;100001;39441
2018.04.09_10:33:26;Egyéni: UPDATE szakd SET email="updatelt@gmail.com" WHERE 1;;100001;37684
2018.04.09_10:34:05;Egyéni: UPDATE szakd SET email="updatelt@gmail.com" WHERE 1;;100001;39133
2018.04.09_10:34:42;Egyéni: UPDATE szakd SET email="updatelt@gmail.com" WHERE 1;;100001;36750
2018.04.09_10:35:22;Egyéni: UPDATE szakd SET email="updatelt@gmail.com" WHERE 1;;100001;39734
2018.04.09_10:36:02;Egyéni: UPDATE szakd SET email="updatelt@gmail.com" WHERE 1;;100001;40427
2018.04.09_10:36:39;Egyéni: UPDATE szakd SET email="updatelt@gmail.com" WHERE 1;;100001;37020
2018.04.09_10:37:20;Egyéni: UPDATE szakd SET email="updatelt@gmail.com" WHERE 1;;100001;40961
2018.04.09_10:38:00;Egyéni: UPDATE szakd SET email="updatelt@gmail.com" WHERE 1;;100001;40062
2018.04.09_10:38:38;Egyéni: UPDATE szakd SET email="updatelt@gmail.com" WHERE 1;;100001;37573
2018.04.09_10:39:17;Egyéni: UPDATE szakd SET email="updatelt@gmail.com" WHERE 1;;100001;39564
2018.04.09_10:39:58;Egyéni: UPDATE szakd SET email="updatelt@gmail.com" WHERE 1;;100001;40441

2018.04.09_10:50:35;Egyéni: UPDATE szakd SET email="updatelt@gmail.com" WHERE 1;;80001;31412
2018.04.09_10:51:07;Egyéni: UPDATE szakd SET email="updatelt@gmail.com" WHERE 1;;80001;32079
2018.04.09_10:51:39;Egyéni: UPDATE szakd SET email="updatelt@gmail.com" WHERE 1;;80001;31845
2018.04.09_10:52:09;Egyéni: UPDATE szakd SET email="updatelt@gmail.com" WHERE 1;;80001;29968
2018.04.09_10:52:41;Egyéni: UPDATE szakd SET email="updatelt@gmail.com" WHERE 1;;80001;32858
2018.04.09_10:53:18;Egyéni: UPDATE szakd SET email="updatelt@gmail.com" WHERE 1;;80001;36186
2018.04.09_10:53:49;Egyéni: UPDATE szakd SET email="updatelt@gmail.com" WHERE 1;;80001;31430
2018.04.09_10:54:24;Egyéni: UPDATE szakd SET email="updatelt@gmail.com" WHERE 1;;80001;34424
2018.04.09_10:54:59;Egyéni: UPDATE szakd SET email="updatelt@gmail.com" WHERE 1;;80001;35135
2018.04.09_10:55:42;Egyéni: UPDATE szakd SET email="updatelt@gmail.com" WHERE 1;;80001;43369
2018.04.09_10:56:23;Egyéni: UPDATE szakd SET email="updatelt@gmail.com" WHERE 1;;80001;40539
2018.04.09_10:57:00;Egyéni: UPDATE szakd SET email="updatelt@gmail.com" WHERE 1;;80001;37348
2018.04.09_10:57:36;Egyéni: UPDATE szakd SET email="updatelt@gmail.com" WHERE 1;;80001;35740
2018.04.09_10:58:11;Egyéni: UPDATE szakd SET email="updatelt@gmail.com" WHERE 1;;80001;33718
2018.04.09_10:58:45;Egyéni: UPDATE szakd SET email="updatelt@gmail.com" WHERE 1;;80001;33891
2018.04.09_10:59:18;Egyéni: UPDATE szakd SET email="updatelt@gmail.com" WHERE 1;;80001;32955
2018.04.09_10:59:51;Egyéni: UPDATE szakd SET email="updatelt@gmail.com" WHERE 1;;80001;33543
2018.04.09_11:00:23;Egyéni: UPDATE szakd SET email="updatelt@gmail.com" WHERE 1;;80001;31655
2018.04.09_11:00:57;Egyéni: UPDATE szakd SET email="updatelt@gmail.com" WHERE 1;;80001;33920
2018.04.09_11:01:40;Egyéni: UPDATE szakd SET email="updatelt@gmail.com" WHERE 1;;80001;43217
2018.04.09_11:02:16;Egyéni: UPDATE szakd SET email="updatelt@gmail.com" WHERE 1;;80001;35940
2018.04.09_11:02:49;Egyéni: UPDATE szakd SET email="updatelt@gmail.com" WHERE 1;;80001;33080
2018.04.09_11:03:23;Egyéni: UPDATE szakd SET email="updatelt@gmail.com" WHERE 1;;80001;34383
2018.04.09_11:04:00;Egyéni: UPDATE szakd SET email="updatelt@gmail.com" WHERE 1;;80001;36208
2018.04.09_11:04:33;Egyéni: UPDATE szakd SET email="updatelt@gmail.com" WHERE 1;;80001;32902
2018.04.09_11:05:07;Egyéni: UPDATE szakd SET email="updatelt@gmail.com" WHERE 1;;80001;34328
2018.04.09_11:05:50;Egyéni: UPDATE szakd SET email="updatelt@gmail.com" WHERE 1;;80001;43275
2018.04.09_11:06:27;Egyéni: UPDATE szakd SET email="updatelt@gmail.com" WHERE 1;;80001;37046
2018.04.09_11:07:02;Egyéni: UPDATE szakd SET email="updatelt@gmail.com" WHERE 1;;80001;34683
2018.04.09_11:07:34;Egyéni: UPDATE szakd SET email="updatelt@gmail.com" WHERE 1;;80001;32214
2018.04.09_11:08:11;Egyéni: UPDATE szakd SET email="updatelt@gmail.com" WHERE 1;;80001;36454
2018.04.09_11:08:40;Egyéni: UPDATE szakd SET email="updatelt@gmail.com" WHERE 1;;80001;29663
2018.04.09_11:09:14;Egyéni: UPDATE szakd SET email="updatelt@gmail.com" WHERE 1;;80001;33779
2018.04.09_11:09:47;Egyéni: UPDATE szakd SET email="updatelt@gmail.com" WHERE 1;;80001;33448
2018.04.09_11:10:19;Egyéni: UPDATE szakd SET email="updatelt@gmail.com" WHERE 1;;80001;31326
2018.04.09_11:10:52;Egyéni: UPDATE szakd SET email="updatelt@gmail.com" WHERE 1;;80001;33607
2018.04.09_11:11:20;Egyéni: UPDATE szakd SET email="updatelt@gmail.com" WHERE 1;;80001;27902
2018.04.09_11:11:58;Egyéni: UPDATE szakd SET email="updatelt@gmail.com" WHERE 1;;80001;31331
2018.04.09_11:12:30;Egyéni: UPDATE szakd SET email="updatelt@gmail.com" WHERE 1;;80001;32516
2018.04.09_11:13:02;Egyéni: UPDATE szakd SET email="updatelt@gmail.com" WHERE 1;;80001;31823
2018.04.09_11:13:33;Egyéni: UPDATE szakd SET email="updatelt@gmail.com" WHERE 1;;80001;30613
2018.04.09_11:14:05;Egyéni: UPDATE szakd SET email="updatelt@gmail.com" WHERE 1;;80001;32207
2018.04.09_11:14:36;Egyéni: UPDATE szakd SET email="updatelt@gmail.com" WHERE 1;;80001;31504
2018.04.09_11:15:09;Egyéni: UPDATE szakd SET email="updatelt@gmail.com" WHERE 1;;80001;32699
2018.04.09_11:15:43;Egyéni: UPDATE szakd SET email="updatelt@gmail.com" WHERE 1;;80001;34024
2018.04.09_11:16:30;Egyéni: UPDATE szakd SET email="updatelt@gmail.com" WHERE 1;;80001;46479
2018.04.09_11:17:14;Egyéni: UPDATE szakd SET email="updatelt@gmail.com" WHERE 1;;80001;44091
2018.04.09_11:17:50;Egyéni: UPDATE szakd SET email="updatelt@gmail.com" WHERE 1;;80001;36669
2018.04.09_11:18:24;Egyéni: UPDATE szakd SET email="updatelt@gmail.com" WHERE 1;;80001;33072
2018.04.09_11:18:53;Egyéni: UPDATE szakd SET email="updatelt@gmail.com" WHERE 1;;80001;29462
2018.04.09_11:19:25;Egyéni: UPDATE szakd SET email="updatelt@gmail.com" WHERE 1;;80001;32176
2018.04.09_11:20:02;Egyéni: UPDATE szakd SET email="updatelt@gmail.com" WHERE 1;;80001;36600
2018.04.09_11:20:43;Egyéni: UPDATE szakd SET email="updatelt@gmail.com" WHERE 1;;80001;41655
2018.04.09_11:21:22;Egyéni: UPDATE szakd SET email="updatelt@gmail.com" WHERE 1;;80001;38775
2018.04.09_11:22:08;Egyéni: UPDATE szakd SET email="updatelt@gmail.com" WHERE 1;;80001;45576
2018.04.09_11:22:48;Egyéni: UPDATE szakd SET email="updatelt@gmail.com" WHERE 1;;80001;39973
2018.04.09_11:23:23;Egyéni: UPDATE szakd SET email="updatelt@gmail.com" WHERE 1;;80001;34799
2018.04.09_11:24:15;Egyéni: UPDATE szakd SET email="updatelt@gmail.com" WHERE 1;;80001;51978
2018.04.09_11:24:50;Egyéni: UPDATE szakd SET email="updatelt@gmail.com" WHERE 1;;80001;35582
2018.04.09_11:25:23;Egyéni: UPDATE szakd SET email="updatelt@gmail.com" WHERE 1;;80001;33276
2018.04.09_11:26:03;Egyéni: UPDATE szakd SET email="updatelt@gmail.com" WHERE 1;;80001;39616
2018.04.09_11:26:39;Egyéni: UPDATE szakd SET email="updatelt@gmail.com" WHERE 1;;80001;36276
2018.04.09_11:27:09;Egyéni: UPDATE szakd SET email="updatelt@gmail.com" WHERE 1;;80001;29240
2018.04.09_11:27:38;Egyéni: UPDATE szakd SET email="updatelt@gmail.com" WHERE 1;;80001;29733
2018.04.09_11:28:14;Egyéni: UPDATE szakd SET email="updatelt@gmail.com" WHERE 1;;80001;35284
2018.04.09_11:28:49;Egyéni: UPDATE szakd SET email="updatelt@gmail.com" WHERE 1;;80001;34977
2018.04.09_11:29:21;Egyéni: UPDATE szakd SET email="updatelt@gmail.com" WHERE 1;;80001;31988
2018.04.09_11:29:51;Egyéni: UPDATE szakd SET email="updatelt@gmail.com" WHERE 1;;80001;30281
2018.04.09_11:30:27;Egyéni: UPDATE szakd SET email="updatelt@gmail.com" WHERE 1;;80001;36132
2018.04.09_11:31:01;Egyéni: UPDATE szakd SET email="updatelt@gmail.com" WHERE 1;;80001;34117
2018.04.09_11:31:35;Egyéni: UPDATE szakd SET email="updatelt@gmail.com" WHERE 1;;80001;33441
2018.04.09_11:32:05;Egyéni: UPDATE szakd SET email="updatelt@gmail.com" WHERE 1;;80001;30402
2018.04.09_11:32:39;Egyéni: UPDATE szakd SET email="updatelt@gmail.com" WHERE 1;;80001;34119
2018.04.09_11:33:10;Egyéni: UPDATE szakd SET email="updatelt@gmail.com" WHERE 1;;80001;30864
2018.04.09_11:33:41;Egyéni: UPDATE szakd SET email="updatelt@gmail.com" WHERE 1;;80001;30863
2018.04.09_11:34:15;Egyéni: UPDATE szakd SET email="updatelt@gmail.com" WHERE 1;;80001;34401
2018.04.09_11:34:47;Egyéni: UPDATE szakd SET email="updatelt@gmail.com" WHERE 1;;80001;32011
2018.04.09_11:35:14;Egyéni: UPDATE szakd SET email="updatelt@gmail.com" WHERE 1;;80001;26308
2018.04.09_11:35:42;Egyéni: UPDATE szakd SET email="updatelt@gmail.com" WHERE 1;;80001;28448
2018.04.09_11:36:19;Egyéni: UPDATE szakd SET email="updatelt@gmail.com" WHERE 1;;80001;37075
2018.04.09_11:36:52;Egyéni: UPDATE szakd SET email="updatelt@gmail.com" WHERE 1;;80001;32965
2018.04.09_11:37:30;Egyéni: UPDATE szakd SET email="updatelt@gmail.com" WHERE 1;;80001;37882
2018.04.09_11:38:08;Egyéni: UPDATE szakd SET email="updatelt@gmail.com" WHERE 1;;80001;38170
2018.04.09_11:38:51;Egyéni: UPDATE szakd SET email="updatelt@gmail.com" WHERE 1;;80001;42950
2018.04.09_11:39:36;Egyéni: UPDATE szakd SET email="updatelt@gmail.com" WHERE 1;;80001;45136
2018.04.09_11:40:18;Egyéni: UPDATE szakd SET email="updatelt@gmail.com" WHERE 1;;80001;42177
2018.04.09_11:41:07;Egyéni: UPDATE szakd SET email="updatelt@gmail.com" WHERE 1;;80001;46800
2018.04.09_11:41:52;Egyéni: UPDATE szakd SET email="updatelt@gmail.com" WHERE 1;;80001;44940
2018.04.09_11:42:34;Egyéni: UPDATE szakd SET email="updatelt@gmail.com" WHERE 1;;80001;42042
2018.04.09_11:43:13;Egyéni: UPDATE szakd SET email="updatelt@gmail.com" WHERE 1;;80001;39376
2018.04.09_11:43:54;Egyéni: UPDATE szakd SET email="updatelt@gmail.com" WHERE 1;;80001;41360
2018.04.09_11:44:34;Egyéni: UPDATE szakd SET email="updatelt@gmail.com" WHERE 1;;80001;39958
2018.04.09_11:45:07;Egyéni: UPDATE szakd SET email="updatelt@gmail.com" WHERE 1;;80001;32972
2018.04.09_11:45:42;Egyéni: UPDATE szakd SET email="updatelt@gmail.com" WHERE 1;;80001;34558
2018.04.09_11:46:18;Egyéni: UPDATE szakd SET email="updatelt@gmail.com" WHERE 1;;80001;36407
2018.04.09_11:46:53;Egyéni: UPDATE szakd SET email="updatelt@gmail.com" WHERE 1;;80001;35219
2018.04.09_11:47:27;Egyéni: UPDATE szakd SET email="updatelt@gmail.com" WHERE 1;;80001;33529
2018.04.09_11:48:00;Egyéni: UPDATE szakd SET email="updatelt@gmail.com" WHERE 1;;80001;32789
2018.04.09_11:48:31;Egyéni: UPDATE szakd SET email="updatelt@gmail.com" WHERE 1;;80001;31053
2018.04.09_11:49:10;Egyéni: UPDATE szakd SET email="updatelt@gmail.com" WHERE 1;;80001;39256
